Dates,Temperature_(Celsius),Pressure_(hPa),Wind_Speed_(m/s),Wind_Direction,Relative_Humidity_(%)
2011-01-01 00:00,,,,,
2011-01-01 01:00,,,,,
2011-01-01 02:00,,,,,
2011-01-01 03:00,,,,,
2011-01-01 04:00,,,,,
2011-01-01 05:00,,,,,
2011-01-01 06:00,,,,,
2011-01-01 07:00,,,,,
2011-01-01 08:00,,,,,
2011-01-01 09:00,,,,,
2011-01-01 10:00,,,,,
2011-01-01 11:00,,,,,
2011-01-01 12:00,,,,,
2011-01-01 13:00,,,,,
2011-01-01 14:00,,,,,
2011-01-01 15:00,,,,,
2011-01-01 16:00,,,,,
2011-01-01 17:00,,,,,
2011-01-01 18:00,,,,,
2011-01-01 19:00,,,,,
2011-01-01 20:00,,,,,
2011-01-01 21:00,,,,,
2011-01-01 22:00,,,,,
2011-01-01 23:00,,,,,
2011-01-02 00:00,,,,,
2011-01-02 01:00,,,,,
2011-01-02 02:00,,,,,
2011-01-02 03:00,,,,,
2011-01-02 04:00,,,,,
2011-01-02 05:00,,,,,
2011-01-02 06:00,,,,,
2011-01-02 07:00,,,,,
2011-01-02 08:00,,,,,
2011-01-02 09:00,,,,,
2011-01-02 10:00,,,,,
2011-01-02 11:00,,,,,
2011-01-02 12:00,,,,,
2011-01-02 13:00,,,,,
2011-01-02 14:00,,,,,
2011-01-02 15:00,,,,,
2011-01-02 16:00,,,,,
2011-01-02 17:00,,,,,
2011-01-02 18:00,,,,,
2011-01-02 19:00,,,,,
2011-01-02 20:00,,,,,
2011-01-02 21:00,,,,,
2011-01-02 22:00,,,,,
2011-01-02 23:00,,,,,
2011-01-03 00:00,,,,,
2011-01-03 01:00,,,,,
2011-01-03 02:00,,,,,
2011-01-03 03:00,,,,,
2011-01-03 04:00,,,,,
2011-01-03 05:00,,,,,
2011-01-03 06:00,,,,,
2011-01-03 07:00,,,,,
2011-01-03 08:00,,,,,
2011-01-03 09:00,,,,,
2011-01-03 10:00,,,,,
2011-01-03 11:00,,,,,
2011-01-03 12:00,,,,,
2011-01-03 13:00,,,,,
2011-01-03 14:00,,,,,
2011-01-03 15:00,,,,,
2011-01-03 16:00,,,,,
2011-01-03 17:00,,,,,
2011-01-03 18:00,,,,,
2011-01-03 19:00,,,,,
2011-01-03 20:00,,,,,
2011-01-03 21:00,,,,,
2011-01-03 22:00,,,,,
2011-01-03 23:00,,,,,
2011-01-04 00:00,,,,,
2011-01-04 01:00,,,,,
2011-01-04 02:00,,,,,
2011-01-04 03:00,,,,,
2011-01-04 04:00,,,,,
2011-01-04 05:00,,,,,
2011-01-04 06:00,,,,,
2011-01-04 07:00,,,,,
2011-01-04 08:00,,,,,
2011-01-04 09:00,,,,,
2011-01-04 10:00,,,,,
2011-01-04 11:00,,,,,
2011-01-04 12:00,,,,,
2011-01-04 13:00,,,,,
2011-01-04 14:00,,,,,
2011-01-04 15:00,,,,,
2011-01-04 16:00,,,,,
2011-01-04 17:00,,,,,
2011-01-04 18:00,,,,,
2011-01-04 19:00,,,,,
2011-01-04 20:00,,,,,
2011-01-04 21:00,,,,,
2011-01-04 22:00,,,,,
2011-01-04 23:00,,,,,
2011-01-05 00:00,,,,,
2011-01-05 01:00,,,,,
2011-01-05 02:00,,,,,
2011-01-05 03:00,,,,,
2011-01-05 04:00,,,,,
2011-01-05 05:00,,,,,
2011-01-05 06:00,,,,,
2011-01-05 07:00,,,,,
2011-01-05 08:00,,,,,
2011-01-05 09:00,,,,,
2011-01-05 10:00,,,,,
2011-01-05 11:00,,,,,
2011-01-05 12:00,,,,,
2011-01-05 13:00,,,,,
2011-01-05 14:00,,,,,
2011-01-05 15:00,,,,,
2011-01-05 16:00,,,,,
2011-01-05 17:00,,,,,
2011-01-05 18:00,,,,,
2011-01-05 19:00,,,,,
2011-01-05 20:00,,,,,
2011-01-05 21:00,,,,,
2011-01-05 22:00,,,,,
2011-01-05 23:00,,,,,
2011-01-06 00:00,,,,,
2011-01-06 01:00,,,,,
2011-01-06 02:00,,,,,
2011-01-06 03:00,,,,,
2011-01-06 04:00,,,,,
2011-01-06 05:00,,,,,
2011-01-06 06:00,,,,,
2011-01-06 07:00,,,,,
2011-01-06 08:00,,,,,
2011-01-06 09:00,,,,,
2011-01-06 10:00,,,,,
2011-01-06 11:00,,,,,
2011-01-06 12:00,,,,,
2011-01-06 13:00,,,,,
2011-01-06 14:00,,,,,
2011-01-06 15:00,,,,,
2011-01-06 16:00,,,,,
2011-01-06 17:00,,,,,
2011-01-06 18:00,,,,,
2011-01-06 19:00,,,,,
2011-01-06 20:00,,,,,
2011-01-06 21:00,,,,,
2011-01-06 22:00,,,,,
2011-01-06 23:00,,,,,
2011-01-07 00:00,,,,,
2011-01-07 01:00,,,,,
2011-01-07 02:00,,,,,
2011-01-07 03:00,,,,,
2011-01-07 04:00,,,,,
2011-01-07 05:00,,,,,
2011-01-07 06:00,,,,,
2011-01-07 07:00,,,,,
2011-01-07 08:00,,,,,
2011-01-07 09:00,,,,,
2011-01-07 10:00,,,,,
2011-01-07 11:00,,,,,
2011-01-07 12:00,,,,,
2011-01-07 13:00,,,,,
2011-01-07 14:00,,,,,
2011-01-07 15:00,,,,,
2011-01-07 16:00,,,,,
2011-01-07 17:00,,,,,
2011-01-07 18:00,,,,,
2011-01-07 19:00,,,,,
2011-01-07 20:00,,,,,
2011-01-07 21:00,,,,,
2011-01-07 22:00,,,,,
2011-01-07 23:00,,,,,
2011-01-08 00:00,,,,,
2011-01-08 01:00,,,,,
2011-01-08 02:00,,,,,
2011-01-08 03:00,,,,,
2011-01-08 04:00,,,,,
2011-01-08 05:00,,,,,
2011-01-08 06:00,,,,,
2011-01-08 07:00,,,,,
2011-01-08 08:00,,,,,
2011-01-08 09:00,,,,,
2011-01-08 10:00,,,,,
2011-01-08 11:00,,,,,
2011-01-08 12:00,,,,,
2011-01-08 13:00,,,,,
2011-01-08 14:00,,,,,
2011-01-08 15:00,,,,,
2011-01-08 16:00,,,,,
2011-01-08 17:00,,,,,
2011-01-08 18:00,,,,,
2011-01-08 19:00,,,,,
2011-01-08 20:00,,,,,
2011-01-08 21:00,,,,,
2011-01-08 22:00,,,,,
2011-01-08 23:00,,,,,
2011-01-09 00:00,,,,,
2011-01-09 01:00,,,,,
2011-01-09 02:00,,,,,
2011-01-09 03:00,,,,,
2011-01-09 04:00,,,,,
2011-01-09 05:00,,,,,
2011-01-09 06:00,,,,,
2011-01-09 07:00,,,,,
2011-01-09 08:00,,,,,
2011-01-09 09:00,,,,,
2011-01-09 10:00,,,,,
2011-01-09 11:00,,,,,
2011-01-09 12:00,,,,,
2011-01-09 13:00,,,,,
2011-01-09 14:00,,,,,
2011-01-09 15:00,,,,,
2011-01-09 16:00,,,,,
2011-01-09 17:00,,,,,
2011-01-09 18:00,,,,,
2011-01-09 19:00,,,,,
2011-01-09 20:00,,,,,
2011-01-09 21:00,,,,,
2011-01-09 22:00,,,,,
2011-01-09 23:00,,,,,
2011-01-10 00:00,,,,,
2011-01-10 01:00,,,,,
2011-01-10 02:00,,,,,
2011-01-10 03:00,,,,,
2011-01-10 04:00,,,,,
2011-01-10 05:00,,,,,
2011-01-10 06:00,,,,,
2011-01-10 07:00,,,,,
2011-01-10 08:00,,,,,
2011-01-10 09:00,,,,,
2011-01-10 10:00,,,,,
2011-01-10 11:00,,,,,
2011-01-10 12:00,,,,,
2011-01-10 13:00,,,,,
2011-01-10 14:00,,,,,
2011-01-10 15:00,,,,,
2011-01-10 16:00,,,,,
2011-01-10 17:00,,,,,
2011-01-10 18:00,,,,,
2011-01-10 19:00,,,,,
2011-01-10 20:00,,,,,
2011-01-10 21:00,,,,,
2011-01-10 22:00,,,,,
2011-01-10 23:00,,,,,
2011-01-11 00:00,,,,,
2011-01-11 01:00,,,,,
2011-01-11 02:00,,,,,
2011-01-11 03:00,,,,,
2011-01-11 04:00,,,,,
2011-01-11 05:00,,,,,
2011-01-11 06:00,,,,,
2011-01-11 07:00,,,,,
2011-01-11 08:00,,,,,
2011-01-11 09:00,,,,,
2011-01-11 10:00,,,,,
2011-01-11 11:00,,,,,
2011-01-11 12:00,,,,,
2011-01-11 13:00,,,,,
2011-01-11 14:00,,,,,
2011-01-11 15:00,,,,,
2011-01-11 16:00,,,,,
2011-01-11 17:00,,,,,
2011-01-11 18:00,,,,,
2011-01-11 19:00,,,,,
2011-01-11 20:00,,,,,
2011-01-11 21:00,,,,,
2011-01-11 22:00,,,,,
2011-01-11 23:00,,,,,
2011-01-12 00:00,,,,,
2011-01-12 01:00,,,,,
2011-01-12 02:00,,,,,
2011-01-12 03:00,,,,,
2011-01-12 04:00,,969.9,,,78.0
2011-01-12 05:00,,969.5,6.0,206.0,78.9
2011-01-12 06:00,,969.4,5.6,206.0,78.0
2011-01-12 07:00,,969.3,5.4,225.0,77.0
2011-01-12 08:00,,969.2,5.0,201.0,73.0
2011-01-12 09:00,,968.8,4.6,202.0,78.4
2011-01-12 10:00,,968.6,4.1,214.0,77.1
2011-01-12 11:00,,968.2,4.7,231.0,67.0
2011-01-12 12:00,,968.0,3.4,217.0,72.3
2011-01-12 13:00,,967.5,4.2,230.0,69.0
2011-01-12 14:00,,967.4,4.3,226.0,76.0
2011-01-12 15:00,,966.8,4.3,215.0,78.0
2011-01-12 16:00,,966.5,4.3,214.0,79.0
2011-01-12 17:00,,966.2,5.4,212.0,79.2
2011-01-12 18:00,,966.1,4.5,214.0,79.0
2011-01-12 19:00,,965.9,5.1,230.0,82.0
2011-01-12 20:00,,965.9,5.1,216.0,80.0
2011-01-12 21:00,,965.8,5.1,204.0,83.0
2011-01-12 22:00,,965.8,4.2,207.0,78.9
2011-01-12 23:00,,965.5,5.3,215.0,80.0
2011-01-13 00:00,,965.5,4.0,222.0,78.9
2011-01-13 01:00,,965.5,1.2,188.0,77.0
2011-01-13 02:00,,965.5,0.2,90.0,85.0
2011-01-13 03:00,,965.6,0.1,217.0,75.1
2011-01-13 04:00,,965.8,0.3,124.0,66.0
2011-01-13 05:00,,966.3,0.1,109.0,63.6
2011-01-13 06:00,,966.6,0.0,0.0,65.0
2011-01-13 07:00,,966.8,1.9,244.0,64.0
2011-01-13 08:00,,967.2,0.0,0.0,55.5
2011-01-13 09:00,,967.7,0.2,59.0,56.0
2011-01-13 10:00,,967.9,0.4,38.0,51.0
2011-01-13 11:00,,968.3,0.1,55.0,48.0
2011-01-13 12:00,,968.6,0.3,94.0,51.0
2011-01-13 13:00,,968.9,1.0,137.0,51.4
2011-01-13 14:00,,969.3,1.2,123.0,54.0
2011-01-13 15:00,,969.7,1.8,142.0,60.3
2011-01-13 16:00,,970.4,2.6,96.0,67.0
2011-01-13 17:00,,971.2,2.3,98.0,71.4
2011-01-13 18:00,,971.7,1.9,88.0,66.2
2011-01-13 19:00,,972.4,0.3,142.0,58.0
2011-01-13 20:00,,972.9,1.6,184.0,79.0
2011-01-13 21:00,,973.4,1.3,184.0,74.0
2011-01-13 22:00,,973.9,1.6,208.0,78.6
2011-01-13 23:00,,974.4,1.4,218.0,56.0
2011-01-14 00:00,,974.7,2.2,215.0,63.0
2011-01-14 01:00,,975.0,2.0,203.0,73.0
2011-01-14 02:00,,975.2,2.7,159.0,74.0
2011-01-14 03:00,,975.6,4.7,165.0,69.9
2011-01-14 04:00,,975.8,4.7,175.0,75.0
2011-01-14 05:00,,976.1,4.0,168.0,62.0
2011-01-14 06:00,,976.6,0.8,159.0,72.0
2011-01-14 07:00,,976.9,0.5,136.0,73.0
2011-01-14 08:00,,977.2,0.2,358.0,82.5
2011-01-14 09:00,,977.3,0.1,264.0,72.0
2011-01-14 10:00,,977.3,0.4,8.0,76.0
2011-01-14 11:00,,977.5,0.3,31.0,68.0
2011-01-14 12:00,,977.3,1.4,15.0,68.0
2011-01-14 13:00,,977.3,1.1,344.0,65.0
2011-01-14 14:00,,977.1,0.4,67.0,64.0
2011-01-14 15:00,,976.9,0.8,37.0,65.5
2011-01-14 16:00,,976.8,0.2,92.0,67.2
2011-01-14 17:00,,976.7,0.1,142.0,60.0
2011-01-14 18:00,,976.5,0.4,166.0,73.0
2011-01-14 19:00,,976.5,0.3,91.0,64.7
2011-01-14 20:00,,976.5,0.7,169.0,76.2
2011-01-14 21:00,,976.4,0.3,216.0,67.6
2011-01-14 22:00,,976.3,1.9,209.0,81.3
2011-01-14 23:00,,976.0,3.7,204.0,78.0
2011-01-15 00:00,,975.6,4.6,215.0,76.0
2011-01-15 01:00,,975.4,5.4,223.0,76.8
2011-01-15 02:00,,975.2,4.4,198.0,68.0
2011-01-15 03:00,,975.1,3.6,205.0,76.0
2011-01-15 04:00,,974.5,6.3,182.0,77.0
2011-01-15 05:00,,974.3,7.6,177.0,79.0
2011-01-15 06:00,,974.3,6.0,188.0,80.8
2011-01-15 07:00,,973.8,5.6,210.0,81.1
2011-01-15 08:00,,973.6,5.1,231.0,76.2
2011-01-15 09:00,,973.5,0.8,82.0,87.0
2011-01-15 10:00,,973.4,2.0,72.0,89.0
2011-01-15 11:00,,973.7,2.0,69.0,96.9
2011-01-15 12:00,,974.3,3.1,66.0,88.3
2011-01-15 13:00,,974.4,3.5,54.0,89.0
2011-01-15 14:00,,974.6,3.3,40.0,88.1
2011-01-15 15:00,,975.1,1.7,141.0,85.0
2011-01-15 16:00,,975.4,2.8,125.0,85.0
2011-01-15 17:00,,975.7,3.4,84.0,78.0
2011-01-15 18:00,,975.7,3.2,82.0,73.0
2011-01-15 19:00,,975.8,2.4,69.0,71.2
2011-01-15 20:00,,975.8,2.6,34.0,68.0
2011-01-15 21:00,,975.8,3.0,29.0,68.0
2011-01-15 22:00,,975.6,3.0,29.0,66.0
2011-01-15 23:00,,975.4,2.3,11.0,73.0
2011-01-16 00:00,,975.7,1.3,6.0,75.2
2011-01-16 01:00,,975.9,0.8,322.0,81.0
2011-01-16 02:00,,975.8,2.3,222.0,88.0
2011-01-16 03:00,,976.1,1.6,214.0,84.0
2011-01-16 04:00,,976.3,2.0,197.0,72.0
2011-01-16 05:00,,976.7,3.0,182.0,77.0
2011-01-16 06:00,,976.9,0.2,192.0,77.0
2011-01-16 07:00,,977.1,2.2,128.0,77.0
2011-01-16 08:00,,977.4,3.0,103.0,72.0
2011-01-16 09:00,,977.6,3.1,104.0,73.0
2011-01-16 10:00,,978.0,2.5,130.0,70.4
2011-01-16 11:00,,978.1,2.6,116.0,73.0
2011-01-16 12:00,,978.3,4.1,116.0,70.4
2011-01-16 13:00,,978.2,4.7,120.0,72.0
2011-01-16 14:00,,978.3,4.4,112.0,71.6
2011-01-16 15:00,,978.3,2.9,123.0,76.0
2011-01-16 16:00,,978.4,3.2,113.0,70.0
2011-01-16 17:00,,978.7,2.6,110.0,74.2
2011-01-16 18:00,,979.0,2.4,101.0,71.0
2011-01-16 19:00,,979.1,1.9,158.0,74.7
2011-01-16 20:00,,979.3,2.5,169.0,73.0
2011-01-16 21:00,,979.5,2.4,171.0,76.0
2011-01-16 22:00,,979.7,2.3,166.0,74.0
2011-01-16 23:00,,980.0,2.3,180.0,79.0
2011-01-17 00:00,,980.2,1.7,150.0,80.4
2011-01-17 01:00,,980.4,1.8,112.0,87.0
2011-01-17 02:00,,980.5,2.9,108.0,85.0
2011-01-17 03:00,,980.8,1.9,88.0,84.0
2011-01-17 04:00,,981.0,2.4,117.0,81.0
2011-01-17 05:00,,981.5,3.4,98.0,83.3
2011-01-17 06:00,,981.7,3.1,102.0,83.0
2011-01-17 07:00,,981.8,4.2,102.0,82.0
2011-01-17 08:00,,982.0,4.5,95.0,80.0
2011-01-17 09:00,,982.1,3.8,100.0,80.0
2011-01-17 10:00,,982.2,3.7,105.0,76.5
2011-01-17 11:00,,982.2,1.9,167.0,78.0
2011-01-17 12:00,,982.4,1.5,131.0,79.8
2011-01-17 13:00,,982.5,1.3,146.0,71.0
2011-01-17 14:00,,982.2,1.0,156.0,70.6
2011-01-17 15:00,,982.2,1.5,175.0,76.6
2011-01-17 16:00,,982.1,0.9,182.0,79.0
2011-01-17 17:00,,982.0,0.6,173.0,73.7
2011-01-17 18:00,,982.0,0.5,111.0,71.0
2011-01-17 19:00,,982.0,0.6,104.0,66.0
2011-01-17 20:00,,981.9,1.0,84.0,72.0
2011-01-17 21:00,,981.8,1.5,53.0,67.0
2011-01-17 22:00,,981.6,1.3,52.0,72.9
2011-01-17 23:00,,981.5,1.7,33.0,76.0
2011-01-18 00:00,,981.4,1.8,39.0,73.0
2011-01-18 01:00,,981.3,0.2,78.0,71.0
2011-01-18 02:00,,981.2,1.0,43.0,77.0
2011-01-18 03:00,,981.1,1.3,22.0,78.2
2011-01-18 04:00,,981.1,1.6,4.0,84.0
2011-01-18 05:00,,981.0,1.3,20.0,86.4
2011-01-18 06:00,,980.9,1.4,14.0,89.0
2011-01-18 07:00,,980.8,1.3,326.0,96.0
2011-01-18 08:00,,980.8,0.5,334.0,96.6
2011-01-18 09:00,,980.7,0.0,0.0,95.0
2011-01-18 10:00,,980.6,0.0,0.0,89.2
2011-01-18 11:00,,980.4,0.0,0.0,89.0
2011-01-18 12:00,,980.4,0.0,0.0,88.0
2011-01-18 13:00,,980.1,0.0,0.0,84.8
2011-01-18 14:00,,979.8,0.2,114.0,89.0
2011-01-18 15:00,,979.6,0.5,229.0,75.9
2011-01-18 16:00,,979.3,0.5,231.0,81.0
2011-01-18 17:00,,979.1,2.4,237.0,65.8
2011-01-18 18:00,,979.1,2.2,239.0,67.0
2011-01-18 19:00,,978.8,2.0,246.0,84.4
2011-01-18 20:00,,978.5,2.4,221.0,88.8
2011-01-18 21:00,,978.4,2.5,238.0,85.7
2011-01-18 22:00,,978.3,2.4,250.0,84.4
2011-01-18 23:00,,978.0,3.2,248.0,87.0
2011-01-19 00:00,,977.9,3.5,244.0,90.0
2011-01-19 01:00,,977.7,3.6,244.0,88.5
2011-01-19 02:00,,977.3,3.1,244.0,90.0
2011-01-19 03:00,-3.0,976.9,1.9,243.0,83.0
2011-01-19 04:00,-3.4,976.7,1.9,224.0,84.0
2011-01-19 05:00,-3.6,976.4,0.0,0.0,85.0
2011-01-19 06:00,-3.8,976.3,0.0,0.0,79.0
2011-01-19 07:00,-4.4,976.2,0.0,0.0,94.0
2011-01-19 08:00,-4.3,976.1,0.1,41.0,94.4
2011-01-19 09:00,-4.6,975.8,1.0,22.0,88.0
2011-01-19 10:00,-4.1,975.6,1.7,336.0,91.0
2011-01-19 11:00,-3.7,975.4,0.8,22.0,88.2
2011-01-19 12:00,-4.3,975.4,1.4,191.0,94.0
2011-01-19 13:00,-4.9,975.1,4.0,182.0,95.4
2011-01-19 14:00,-4.8,974.9,3.9,192.0,94.0
2011-01-19 15:00,-4.9,974.5,3.8,212.0,87.0
2011-01-19 16:00,-4.2,974.1,5.6,191.0,91.0
2011-01-19 17:00,-3.9,974.1,5.8,184.0,80.0
2011-01-19 18:00,-4.5,973.7,7.3,175.0,75.0
2011-01-19 19:00,-4.5,973.5,7.2,182.0,77.0
2011-01-19 20:00,-4.4,973.4,8.1,184.0,74.4
2011-01-19 21:00,-4.8,972.8,9.5,177.0,76.0
2011-01-19 22:00,-5.3,972.5,9.5,176.0,68.0
2011-01-19 23:00,-5.2,972.7,9.2,174.0,75.0
2011-01-20 00:00,-5.3,972.0,9.6,175.0,76.0
2011-01-20 01:00,-5.4,971.9,8.3,177.0,78.0
2011-01-20 02:00,-6.2,971.9,5.7,194.0,79.3
2011-01-20 03:00,-6.2,971.3,6.1,186.0,79.0
2011-01-20 04:00,-6.5,971.4,4.5,199.0,78.0
2011-01-20 05:00,-5.4,971.2,2.0,211.0,72.0
2011-01-20 06:00,-5.1,971.2,1.5,147.0,73.0
2011-01-20 07:00,-5.6,971.2,3.0,205.0,73.0
2011-01-20 08:00,-5.6,971.1,4.8,174.0,65.0
2011-01-20 09:00,-7.0,970.8,5.1,190.0,76.0
2011-01-20 10:00,-7.2,970.3,6.8,185.0,78.0
2011-01-20 11:00,-7.1,970.4,5.5,185.0,83.0
2011-01-20 12:00,-7.0,970.4,5.3,187.0,82.7
2011-01-20 13:00,-7.0,970.2,5.2,187.0,80.0
2011-01-20 14:00,-6.5,969.9,3.4,209.0,79.0
2011-01-20 15:00,-5.8,969.8,3.7,209.0,78.0
2011-01-20 16:00,-5.8,969.6,3.8,219.0,74.0
2011-01-20 17:00,-5.0,969.4,1.9,195.0,78.0
2011-01-20 18:00,-5.3,969.3,5.0,206.0,74.0
2011-01-20 19:00,-5.1,969.2,4.3,214.0,76.3
2011-01-20 20:00,-4.8,969.2,4.1,221.0,78.1
2011-01-20 21:00,-4.6,969.0,3.3,217.0,78.0
2011-01-20 22:00,-4.5,968.9,3.4,240.0,74.0
2011-01-20 23:00,-4.5,968.6,3.3,239.0,74.0
2011-01-21 00:00,-4.7,968.5,3.8,236.0,72.5
2011-01-21 01:00,-4.7,968.5,2.7,244.0,75.0
2011-01-21 02:00,-4.6,968.3,2.8,246.0,69.0
2011-01-21 03:00,-5.1,968.1,2.7,228.0,63.0
2011-01-21 04:00,-5.2,968.2,0.0,0.0,65.0
2011-01-21 05:00,-5.6,968.0,0.0,0.0,73.7
2011-01-21 06:00,-5.9,968.1,0.0,0.0,73.0
2011-01-21 07:00,-6.4,968.3,0.0,0.0,83.0
2011-01-21 08:00,-6.8,968.4,0.4,38.0,82.7
2011-01-21 09:00,-6.7,968.3,0.1,44.0,76.0
2011-01-21 10:00,-5.7,968.2,0.8,51.0,62.0
2011-01-21 11:00,-5.3,968.2,0.8,80.0,74.0
2011-01-21 12:00,-4.9,968.0,0.8,176.0,73.0
2011-01-21 13:00,-4.1,968.0,0.4,83.0,71.6
2011-01-21 14:00,-3.8,968.1,0.7,98.0,71.0
2011-01-21 15:00,-2.5,967.9,0.2,145.0,69.0
2011-01-21 16:00,-2.6,967.8,0.4,156.0,66.0
2011-01-21 17:00,-2.3,967.6,0.6,184.0,70.9
2011-01-21 18:00,-4.1,967.7,2.5,201.0,83.3
2011-01-21 19:00,-4.0,967.8,2.7,206.0,85.0
2011-01-21 20:00,-3.5,967.7,2.8,192.0,80.0
2011-01-21 21:00,-3.3,967.7,3.1,192.0,82.0
2011-01-21 22:00,-3.1,967.7,1.8,212.0,79.9
2011-01-21 23:00,-3.5,967.6,2.3,217.0,84.0
2011-01-22 00:00,-3.7,967.5,2.7,216.0,79.0
2011-01-22 01:00,-3.9,967.5,2.7,228.0,86.0
2011-01-22 02:00,-3.6,967.3,3.0,201.0,85.0
2011-01-22 03:00,-3.4,967.2,2.7,184.0,81.3
2011-01-22 04:00,-3.4,967.2,2.8,174.0,83.0
2011-01-22 05:00,-3.7,967.3,1.9,215.0,85.8
2011-01-22 06:00,-3.4,967.5,1.0,218.0,84.0
2011-01-22 07:00,-3.8,967.5,0.9,215.0,87.0
2011-01-22 08:00,-3.7,967.5,0.0,0.0,81.0
2011-01-22 09:00,-3.0,967.5,0.0,0.0,76.0
2011-01-22 10:00,-3.6,967.4,0.0,0.0,80.0
2011-01-22 11:00,-3.3,967.5,0.0,0.0,74.0
2011-01-22 12:00,-2.2,967.4,0.0,0.0,67.0
2011-01-22 13:00,-1.0,967.2,0.2,152.0,68.1
2011-01-22 14:00,-1.0,967.1,0.3,162.0,69.0
2011-01-22 15:00,-1.8,966.9,0.9,174.0,76.6
2011-01-22 16:00,-2.4,966.9,1.2,163.0,74.0
2011-01-22 17:00,-1.7,966.9,0.7,172.0,69.2
2011-01-22 18:00,-1.4,966.8,0.4,185.0,67.0
2011-01-22 19:00,-2.2,966.7,0.7,212.0,68.0
2011-01-22 20:00,-1.9,966.6,0.6,196.0,68.0
2011-01-22 21:00,-3.7,966.4,2.7,229.0,86.1
2011-01-22 22:00,-3.5,966.3,3.0,229.0,82.0
2011-01-22 23:00,-3.6,966.2,3.1,215.0,80.0
2011-01-23 00:00,-3.5,966.1,2.5,228.0,76.0
2011-01-23 01:00,-2.7,966.0,0.9,240.0,66.0
2011-01-23 02:00,-2.5,965.8,0.5,242.0,63.0
2011-01-23 03:00,-3.4,965.7,1.1,250.0,70.0
2011-01-23 04:00,-3.9,965.7,2.1,235.0,76.0
2011-01-23 05:00,-4.4,965.6,1.3,220.0,76.0
2011-01-23 06:00,-6.1,965.7,0.5,84.0,100.0
2011-01-23 07:00,-6.2,965.8,1.8,70.0,98.0
2011-01-23 08:00,-5.9,965.7,1.0,36.0,96.4
2011-01-23 09:00,-6.7,965.6,0.2,64.0,95.0
2011-01-23 10:00,-6.8,965.4,1.5,207.0,94.0
2011-01-23 11:00,-7.9,965.3,2.9,216.0,92.5
2011-01-23 12:00,-7.8,965.3,1.9,216.0,93.0
2011-01-23 13:00,-7.7,965.2,3.1,217.0,94.0
2011-01-23 14:00,-7.4,965.2,1.8,205.0,92.6
2011-01-23 15:00,-7.5,965.1,3.1,203.0,94.0
2011-01-23 16:00,-7.3,964.9,3.6,208.0,93.8
2011-01-23 17:00,-7.3,965.0,3.4,207.0,94.0
2011-01-23 18:00,-7.0,964.8,2.9,202.0,93.0
2011-01-23 19:00,-7.5,965.0,3.2,223.0,94.0
2011-01-23 20:00,-7.2,965.0,3.3,226.0,93.0
2011-01-23 21:00,-6.2,965.0,2.1,218.0,90.2
2011-01-23 22:00,-6.7,965.1,1.1,232.0,93.0
2011-01-23 23:00,-7.6,965.0,3.3,229.0,90.0
2011-01-24 00:00,-6.1,965.1,0.1,147.0,85.0
2011-01-24 01:00,-6.5,964.9,0.3,160.0,85.5
2011-01-24 02:00,-7.1,964.9,1.6,217.0,89.0
2011-01-24 03:00,-7.6,964.9,1.9,220.0,92.0
2011-01-24 04:00,-7.6,965.1,2.6,226.0,94.0
2011-01-24 05:00,-7.2,965.2,1.1,221.0,90.0
2011-01-24 06:00,-8.3,965.5,0.4,98.0,80.6
2011-01-24 07:00,-10.4,965.6,0.8,143.0,96.1
2011-01-24 08:00,-9.5,965.7,0.5,98.0,96.0
2011-01-24 09:00,-10.4,965.7,0.4,64.0,89.0
2011-01-24 10:00,-9.1,965.8,0.1,344.0,72.0
2011-01-24 11:00,-9.3,965.8,0.4,339.0,62.0
2011-01-24 12:00,-8.4,966.0,0.4,113.0,56.7
2011-01-24 13:00,-8.7,965.9,0.5,66.0,58.0
2011-01-24 14:00,-8.3,965.9,0.4,91.0,58.0
2011-01-24 15:00,-7.8,965.9,0.7,119.0,66.0
2011-01-24 16:00,-6.9,965.9,0.6,75.0,65.0
2011-01-24 17:00,-6.4,966.0,0.9,64.0,66.0
2011-01-24 18:00,-6.2,966.2,0.9,108.0,69.0
2011-01-24 19:00,-7.3,966.3,2.2,182.0,78.9
2011-01-24 20:00,-7.3,966.7,2.9,194.0,85.1
2011-01-24 21:00,-6.9,966.8,2.7,190.0,85.3
2011-01-24 22:00,-7.0,967.1,2.1,208.0,84.0
2011-01-24 23:00,-6.9,967.2,1.8,209.0,85.0
2011-01-25 00:00,-7.2,967.4,1.9,222.0,82.2
2011-01-25 01:00,-7.0,967.5,2.1,185.0,80.0
2011-01-25 02:00,-7.7,967.6,2.0,98.0,91.9
2011-01-25 03:00,-7.9,967.8,0.1,12.0,91.0
2011-01-25 04:00,-8.4,968.0,0.1,70.0,95.0
2011-01-25 05:00,-8.3,968.2,0.0,0.0,90.7
2011-01-25 06:00,-9.4,968.5,1.7,92.0,84.0
2011-01-25 07:00,-10.0,968.8,1.5,97.0,80.4
2011-01-25 08:00,-10.1,969.2,2.5,106.0,80.0
2011-01-25 09:00,-9.9,969.2,2.2,105.0,78.0
2011-01-25 10:00,-9.2,969.2,1.5,142.0,74.0
2011-01-25 11:00,-8.8,969.4,0.9,144.0,70.4
2011-01-25 12:00,-8.1,969.4,1.2,149.0,68.8
2011-01-25 13:00,-6.8,969.5,1.2,180.0,65.0
2011-01-25 14:00,-6.0,969.6,0.2,116.0,60.9
2011-01-25 15:00,-6.8,969.6,0.6,168.0,71.0
2011-01-25 16:00,-7.9,969.8,2.0,213.0,74.9
2011-01-25 17:00,-7.5,969.9,1.8,204.0,65.0
2011-01-25 18:00,-6.6,970.1,1.2,195.0,66.9
2011-01-25 19:00,-6.6,970.2,1.0,196.0,69.4
2011-01-25 20:00,-5.5,970.2,0.7,190.0,63.0
2011-01-25 21:00,-5.0,970.4,0.4,151.0,59.0
2011-01-25 22:00,-5.6,970.3,1.0,138.0,71.0
2011-01-25 23:00,-5.0,970.3,0.1,157.0,68.3
2011-01-26 00:00,-5.3,970.4,0.3,176.0,69.0
2011-01-26 01:00,-4.9,970.4,0.8,23.0,72.0
2011-01-26 02:00,-5.0,970.4,1.1,33.0,69.2
2011-01-26 03:00,-7.0,970.3,0.5,232.0,76.0
2011-01-26 04:00,-7.3,970.4,1.5,264.0,76.6
2011-01-26 05:00,-6.7,970.5,0.5,326.0,74.5
2011-01-26 06:00,-7.1,970.5,2.3,274.0,74.0
2011-01-26 07:00,-8.1,970.7,3.8,268.0,63.2
2011-01-26 08:00,-7.3,970.9,2.8,269.0,58.0
2011-01-26 09:00,-7.2,971.1,0.1,48.0,72.0
2011-01-26 10:00,-8.8,971.3,0.0,0.0,69.7
2011-01-26 11:00,-8.3,971.3,0.2,19.0,76.0
2011-01-26 12:00,-9.4,971.4,0.5,89.0,84.0
2011-01-26 13:00,-8.3,971.3,0.4,93.0,83.4
2011-01-26 14:00,-7.5,971.3,0.4,96.0,81.0
2011-01-26 15:00,-6.8,971.3,2.1,91.0,82.0
2011-01-26 16:00,-6.3,971.2,3.1,99.0,77.0
2011-01-26 17:00,-5.7,971.2,2.9,93.0,73.1
2011-01-26 18:00,-5.0,971.3,2.0,110.0,70.0
2011-01-26 19:00,-4.4,971.2,1.6,122.0,66.0
2011-01-26 20:00,-4.6,971.2,1.9,110.0,65.0
2011-01-26 21:00,-4.2,971.2,1.1,105.0,70.0
2011-01-26 22:00,-4.3,971.2,0.3,145.0,67.0
2011-01-26 23:00,-4.3,971.0,0.5,158.0,68.0
2011-01-27 00:00,-4.6,971.1,1.1,157.0,71.0
2011-01-27 01:00,-4.8,970.9,0.8,193.0,77.5
2011-01-27 02:00,-4.8,970.7,0.6,197.0,74.0
2011-01-27 03:00,-5.1,970.6,0.0,0.0,72.6
2011-01-27 04:00,-4.8,970.4,0.9,357.0,70.0
2011-01-27 05:00,-5.6,970.3,0.1,45.0,77.0
2011-01-27 06:00,-6.8,970.2,0.0,0.0,86.0
2011-01-27 07:00,-6.9,970.2,0.0,0.0,87.0
2011-01-27 08:00,-6.8,970.1,0.7,340.0,88.0
2011-01-27 09:00,-7.9,970.2,3.8,258.0,87.0
2011-01-27 10:00,-7.8,970.2,3.6,260.0,68.1
2011-01-27 11:00,-6.7,970.0,1.5,277.0,73.0
2011-01-27 12:00,-6.5,970.0,0.1,80.0,68.0
2011-01-27 13:00,-6.7,969.8,0.4,87.0,70.3
2011-01-27 14:00,-6.9,969.6,0.3,88.0,81.0
2011-01-27 15:00,-6.8,969.3,0.2,118.0,83.5
2011-01-27 16:00,-5.5,969.0,0.5,109.0,81.0
2011-01-27 17:00,-3.9,968.7,3.5,28.0,74.0
2011-01-27 18:00,-3.0,968.3,5.9,19.0,71.1
2011-01-27 19:00,-2.5,968.0,6.2,17.0,71.0
2011-01-27 20:00,-2.9,967.8,4.9,14.0,65.0
2011-01-27 21:00,-4.1,967.9,5.0,329.0,65.0
2011-01-27 22:00,-4.9,967.7,2.8,319.0,66.0
2011-01-27 23:00,-4.4,967.2,1.0,326.0,65.0
2011-01-28 00:00,-5.4,966.7,1.0,204.0,77.0
2011-01-28 01:00,-5.5,966.4,0.4,234.0,69.0
2011-01-28 02:00,-5.0,965.9,0.9,18.0,68.0
2011-01-28 03:00,-6.5,965.5,0.0,0.0,79.0
2011-01-28 04:00,-7.2,965.3,0.0,0.0,78.0
2011-01-28 05:00,-7.9,965.2,0.0,0.0,85.0
2011-01-28 06:00,-7.9,965.0,0.0,0.0,84.0
2011-01-28 07:00,-8.1,965.1,1.2,291.0,73.0
2011-01-28 08:00,-8.4,964.8,0.0,0.0,75.0
2011-01-28 09:00,-8.4,964.6,0.0,0.0,88.0
2011-01-28 10:00,-8.1,964.6,0.0,0.0,85.0
2011-01-28 11:00,-9.1,964.3,0.0,0.0,88.5
2011-01-28 12:00,-8.6,964.1,0.1,95.0,86.0
2011-01-28 13:00,-8.4,964.1,0.4,175.0,87.8
2011-01-28 14:00,-9.9,963.7,3.8,218.0,87.2
2011-01-28 15:00,-8.3,963.4,1.1,208.0,75.0
2011-01-28 16:00,-9.9,963.4,4.4,236.0,73.4
2011-01-28 17:00,-10.1,963.2,4.6,221.0,67.0
2011-01-28 18:00,-9.0,963.2,1.7,235.0,39.0
2011-01-28 19:00,-9.1,963.1,2.2,254.0,65.0
2011-01-28 20:00,-6.6,962.7,1.5,333.0,49.0
2011-01-28 21:00,-6.8,962.6,2.2,354.0,52.0
2011-01-28 22:00,-6.2,962.3,1.8,28.0,64.0
2011-01-28 23:00,-5.9,961.7,3.5,312.0,58.0
2011-01-29 00:00,-5.6,961.3,3.9,316.0,61.0
2011-01-29 01:00,-6.0,961.0,2.6,319.0,63.0
2011-01-29 02:00,-6.6,960.4,2.6,308.0,65.2
2011-01-29 03:00,-7.6,960.2,3.6,293.0,66.0
2011-01-29 04:00,-7.9,960.1,3.8,282.0,65.0
2011-01-29 05:00,-9.1,960.2,0.1,348.0,74.0
2011-01-29 06:00,-8.5,960.3,4.0,290.0,69.0
2011-01-29 07:00,-8.7,960.4,1.4,324.0,72.0
2011-01-29 08:00,-10.0,960.5,2.5,22.0,73.0
2011-01-29 09:00,-10.6,960.7,0.2,346.0,74.0
2011-01-29 10:00,-10.6,960.7,0.1,34.0,73.0
2011-01-29 11:00,-10.1,960.7,0.4,56.0,71.0
2011-01-29 12:00,-8.9,960.7,0.5,61.0,66.0
2011-01-29 13:00,-8.1,960.4,0.4,82.0,65.0
2011-01-29 14:00,-7.7,960.3,1.4,64.0,65.2
2011-01-29 15:00,-7.5,960.1,1.0,128.0,73.0
2011-01-29 16:00,-7.0,960.0,1.1,106.0,80.0
2011-01-29 17:00,-6.9,960.0,4.5,90.0,90.0
2011-01-29 18:00,-7.1,959.9,3.3,85.0,94.8
2011-01-29 19:00,-6.6,960.0,0.9,92.0,93.0
2011-01-29 20:00,-5.1,959.9,3.0,73.0,80.7
2011-01-29 21:00,-4.9,960.0,3.2,70.0,78.0
2011-01-29 22:00,-5.6,959.9,1.4,81.0,76.9
2011-01-29 23:00,-5.9,960.1,1.2,51.0,73.0
2011-01-30 00:00,-6.8,960.1,0.5,99.0,73.0
2011-01-30 01:00,-6.3,960.0,1.5,71.0,72.0
2011-01-30 02:00,-6.6,959.9,4.0,83.0,83.0
2011-01-30 03:00,-6.9,960.0,2.9,100.0,86.0
2011-01-30 04:00,-6.9,959.9,3.9,99.0,82.0
2011-01-30 05:00,-6.7,959.9,4.1,87.0,82.0
2011-01-30 06:00,-6.9,960.0,3.6,85.0,80.0
2011-01-30 07:00,-7.0,960.2,2.6,104.0,81.0
2011-01-30 08:00,-6.9,960.3,2.4,108.0,80.0
2011-01-30 09:00,-6.9,960.3,2.5,114.0,79.3
2011-01-30 10:00,-6.5,960.3,4.9,92.0,77.0
2011-01-30 11:00,-6.5,960.4,6.2,71.0,78.0
2011-01-30 12:00,-6.6,960.4,6.3,78.0,81.0
2011-01-30 13:00,-6.8,960.7,5.3,80.0,81.0
2011-01-30 14:00,-6.9,960.9,4.0,69.0,82.9
2011-01-30 15:00,-6.7,960.9,5.8,66.0,83.0
2011-01-30 16:00,-6.4,961.2,5.0,57.0,84.0
2011-01-30 17:00,-6.2,961.5,5.7,53.0,82.8
2011-01-30 18:00,-5.8,961.8,5.7,46.0,79.0
2011-01-30 19:00,-5.7,962.4,5.8,48.0,76.2
2011-01-30 20:00,-5.4,962.8,5.3,47.0,75.0
2011-01-30 21:00,-5.8,963.2,4.3,67.0,81.0
2011-01-30 22:00,-5.9,963.7,3.6,76.0,84.0
2011-01-30 23:00,-6.6,964.0,4.8,70.0,88.0
2011-01-31 00:00,-6.6,964.2,2.4,116.0,89.0
2011-01-31 01:00,-6.7,964.2,0.8,158.0,90.0
2011-01-31 02:00,-7.0,964.2,0.9,34.0,88.0
2011-01-31 03:00,-7.5,964.3,1.2,125.0,94.0
2011-01-31 04:00,-7.6,964.6,1.1,172.0,88.0
2011-01-31 05:00,-7.8,964.9,2.1,131.0,92.0
2011-01-31 06:00,-9.1,965.3,3.8,116.0,89.0
2011-01-31 07:00,-8.8,965.5,3.9,117.0,82.0
2011-01-31 08:00,-9.1,965.6,4.0,136.0,87.0
2011-01-31 09:00,-8.8,965.6,2.5,148.0,79.0
2011-01-31 10:00,-9.4,965.9,4.3,119.0,76.2
2011-01-31 11:00,-9.4,966.1,4.2,139.0,87.0
2011-01-31 12:00,-9.3,966.3,5.8,110.0,85.0
2011-01-31 13:00,-9.4,966.5,6.2,111.0,80.0
2011-01-31 14:00,-9.0,966.7,6.5,104.0,73.0
2011-01-31 15:00,-8.6,966.8,7.2,94.0,69.0
2011-01-31 16:00,-9.1,967.1,7.2,108.0,64.0
2011-01-31 17:00,-8.7,967.3,7.0,105.0,64.0
2011-01-31 18:00,-8.2,967.7,6.6,96.0,63.2
2011-01-31 19:00,-8.5,967.9,6.6,114.0,62.0
2011-01-31 20:00,-8.3,967.9,4.1,132.0,64.0
2011-01-31 21:00,-8.5,968.1,7.4,107.0,66.0
2011-01-31 22:00,-8.9,968.5,8.4,106.0,65.0
2011-01-31 23:00,-9.1,968.4,7.5,113.0,67.0
2011-02-01 00:00,-9.1,968.4,7.4,107.0,65.0
2011-02-01 01:00,-9.3,968.5,9.0,108.0,60.0
2011-02-01 02:00,-10.0,968.3,7.0,121.0,67.0
2011-02-01 03:00,-10.0,968.1,5.0,191.0,58.0
2011-02-01 04:00,-10.3,968.1,3.8,128.0,59.0
2011-02-01 05:00,-11.0,968.1,2.5,164.0,60.0
2011-02-01 06:00,-10.8,968.1,3.9,124.0,55.3
2011-02-01 07:00,-10.9,968.2,1.3,161.0,55.0
2011-02-01 08:00,-11.0,968.2,2.4,228.0,54.0
2011-02-01 09:00,-10.4,968.0,0.1,137.0,48.0
2011-02-01 10:00,-10.8,968.0,2.9,225.0,54.0
2011-02-01 11:00,-10.9,968.1,1.2,136.0,53.9
2011-02-01 12:00,-10.4,968.1,2.3,109.0,53.0
2011-02-01 13:00,-8.8,967.9,1.0,105.0,45.0
2011-02-01 14:00,-8.3,967.7,0.5,96.0,45.0
2011-02-01 15:00,-7.8,967.4,0.8,177.0,48.0
2011-02-01 16:00,-9.2,967.1,4.4,184.0,57.0
2011-02-01 17:00,-9.0,967.1,4.2,169.0,62.0
2011-02-01 18:00,-7.6,967.2,2.9,141.0,60.0
2011-02-01 19:00,-7.1,966.9,1.3,141.0,56.0
2011-02-01 20:00,-7.7,966.7,3.1,142.0,62.0
2011-02-01 21:00,-7.6,966.5,2.0,136.0,70.7
2011-02-01 22:00,-7.3,966.6,2.1,107.0,67.0
2011-02-01 23:00,-7.2,966.4,0.8,88.0,65.0
2011-02-02 00:00,-7.0,966.3,0.2,78.0,57.0
2011-02-02 01:00,-7.1,966.0,0.2,97.0,56.0
2011-02-02 02:00,-8.0,965.9,0.3,80.0,67.0
2011-02-02 03:00,-7.9,965.7,0.5,94.0,62.0
2011-02-02 04:00,-8.3,965.8,0.3,96.0,63.0
2011-02-02 05:00,-9.0,965.9,0.6,102.0,65.3
2011-02-02 06:00,-9.4,966.0,0.8,112.0,66.0
2011-02-02 07:00,-10.2,966.0,0.6,111.0,63.0
2011-02-02 08:00,-9.6,966.0,1.3,101.0,53.0
2011-02-02 09:00,-9.4,966.0,0.5,105.0,51.9
2011-02-02 10:00,-10.0,966.1,1.6,88.0,54.0
2011-02-02 11:00,-10.4,966.3,2.5,94.0,54.0
2011-02-02 12:00,-9.0,966.4,2.1,97.0,53.0
2011-02-02 13:00,-10.2,966.3,2.7,100.0,62.2
2011-02-02 14:00,-9.3,966.4,2.1,77.0,61.2
2011-02-02 15:00,-8.4,966.4,0.6,99.0,64.0
2011-02-02 16:00,-8.3,966.5,0.5,94.0,63.5
2011-02-02 17:00,-7.8,966.6,0.6,125.0,65.0
2011-02-02 18:00,-7.2,966.6,0.5,136.0,66.0
2011-02-02 19:00,-7.5,966.6,1.1,195.0,68.0
2011-02-02 20:00,-7.3,966.8,0.6,192.0,66.7
2011-02-02 21:00,-7.0,966.7,0.2,208.0,67.5
2011-02-02 22:00,-8.3,966.8,3.2,206.0,72.0
2011-02-02 23:00,-8.3,967.0,3.0,212.0,74.0
2011-02-03 00:00,-8.4,967.1,3.1,215.0,74.0
2011-02-03 01:00,-8.1,967.0,2.9,196.0,73.9
2011-02-03 02:00,-7.2,966.8,0.4,129.0,71.0
2011-02-03 03:00,-7.3,966.8,0.9,158.0,72.0
2011-02-03 04:00,-7.2,966.9,0.6,145.0,67.0
2011-02-03 05:00,-7.2,966.9,2.2,141.0,67.0
2011-02-03 06:00,-7.9,967.1,1.6,136.0,71.0
2011-02-03 07:00,-8.3,967.2,0.4,133.0,76.0
2011-02-03 08:00,-7.5,967.3,0.6,108.0,65.0
2011-02-03 09:00,-7.5,967.4,1.3,97.0,65.0
2011-02-03 10:00,-8.5,967.6,1.5,144.0,77.0
2011-02-03 11:00,-7.6,967.9,0.4,119.0,69.0
2011-02-03 12:00,-7.5,968.0,2.2,140.0,69.7
2011-02-03 13:00,-7.2,968.0,2.4,148.0,67.0
2011-02-03 14:00,-6.6,967.9,3.6,153.0,65.2
2011-02-03 15:00,-6.7,967.9,4.2,156.0,66.0
2011-02-03 16:00,-6.5,968.0,3.0,167.0,67.0
2011-02-03 17:00,-6.2,968.2,2.9,215.0,64.0
2011-02-03 18:00,-7.1,968.4,4.3,225.0,72.1
2011-02-03 19:00,-6.5,968.8,3.2,212.0,79.7
2011-02-03 20:00,-6.9,968.9,4.2,212.0,81.0
2011-02-03 21:00,-5.9,968.9,3.8,194.0,69.0
2011-02-03 22:00,-5.7,969.2,4.0,196.0,67.0
2011-02-03 23:00,-6.2,969.3,4.7,212.0,70.0
2011-02-04 00:00,-6.0,969.5,4.9,192.0,70.0
2011-02-04 01:00,-7.6,969.6,4.6,222.0,87.0
2011-02-04 02:00,-7.9,969.5,5.1,221.0,86.0
2011-02-04 03:00,-7.2,969.8,3.9,226.0,77.0
2011-02-04 04:00,-7.6,969.8,5.0,243.0,80.0
2011-02-04 05:00,-5.2,970.0,2.5,210.0,61.0
2011-02-04 06:00,-6.7,970.2,2.5,214.0,72.0
2011-02-04 07:00,-5.8,969.9,3.5,212.0,59.0
2011-02-04 08:00,-9.9,969.7,6.5,232.0,75.0
2011-02-04 09:00,-11.4,970.0,6.4,222.0,78.0
2011-02-04 10:00,-11.8,970.0,6.7,230.0,80.0
2011-02-04 11:00,-11.7,969.9,5.9,223.0,77.0
2011-02-04 12:00,-11.2,969.8,5.8,220.0,76.0
2011-02-04 13:00,-11.2,969.5,6.6,214.0,75.0
2011-02-04 14:00,-11.0,969.1,6.6,226.0,77.2
2011-02-04 15:00,-10.5,968.7,6.2,210.0,76.9
2011-02-04 16:00,-8.5,969.0,5.2,184.0,73.0
2011-02-04 17:00,-6.1,968.9,4.8,157.0,64.5
2011-02-04 18:00,-4.6,968.8,4.9,127.0,56.4
2011-02-04 19:00,-5.0,968.6,2.8,169.0,57.0
2011-02-04 20:00,-6.2,968.5,5.4,183.0,73.0
2011-02-04 21:00,-8.8,968.2,8.1,193.0,78.0
2011-02-04 22:00,-9.1,967.9,9.1,180.0,77.0
2011-02-04 23:00,-9.1,967.9,7.9,179.0,75.0
2011-02-05 00:00,-9.1,967.8,6.5,179.0,71.5
2011-02-05 01:00,-9.2,967.8,5.5,196.0,73.0
2011-02-05 02:00,-8.8,967.6,7.5,165.0,66.0
2011-02-05 03:00,-7.0,967.2,10.5,146.0,53.0
2011-02-05 04:00,-7.5,967.3,12.7,120.0,57.0
2011-02-05 05:00,-9.8,967.0,8.3,181.0,66.0
2011-02-05 06:00,-10.7,966.9,8.6,168.0,71.0
2011-02-05 07:00,-12.1,967.0,8.9,180.0,74.8
2011-02-05 08:00,-13.1,966.4,10.6,177.0,76.0
2011-02-05 09:00,-13.4,966.1,10.0,174.0,75.9
2011-02-05 10:00,-13.2,965.8,11.4,169.0,75.0
2011-02-05 11:00,-13.2,965.8,10.2,175.0,76.0
2011-02-05 12:00,-12.5,965.7,8.4,172.0,75.0
2011-02-05 13:00,-11.7,965.8,8.4,176.0,73.0
2011-02-05 14:00,-10.5,965.5,7.9,174.0,73.0
2011-02-05 15:00,-7.8,965.9,6.4,138.0,64.0
2011-02-05 16:00,-7.8,966.0,10.2,142.0,63.0
2011-02-05 17:00,-7.6,965.2,9.8,152.0,73.0
2011-02-05 18:00,-8.0,965.6,8.7,170.0,77.8
2011-02-05 19:00,-7.1,965.3,9.6,168.0,69.0
2011-02-05 20:00,-6.5,965.6,10.1,151.0,71.0
2011-02-05 21:00,-6.3,965.7,9.8,165.0,76.2
2011-02-05 22:00,-5.8,965.5,11.0,156.0,72.0
2011-02-05 23:00,-6.3,965.9,9.3,164.0,77.0
2011-02-06 00:00,-6.3,965.6,10.9,162.0,74.0
2011-02-06 01:00,-6.3,965.6,10.7,161.0,73.0
2011-02-06 02:00,-7.4,965.0,11.8,170.0,80.0
2011-02-06 03:00,-7.7,964.9,11.5,170.0,75.0
2011-02-06 04:00,-7.4,964.9,11.2,162.0,71.0
2011-02-06 05:00,-7.2,965.3,9.1,162.0,68.0
2011-02-06 06:00,-6.1,965.3,10.4,147.0,61.0
2011-02-06 07:00,-8.2,965.3,8.8,176.0,73.0
2011-02-06 08:00,-10.1,965.0,8.8,187.0,78.0
2011-02-06 09:00,-10.2,964.7,7.7,200.0,77.0
2011-02-06 10:00,-10.2,964.4,7.2,202.0,79.0
2011-02-06 11:00,-9.9,963.9,7.2,192.0,79.0
2011-02-06 12:00,-8.7,963.7,8.6,145.0,70.0
2011-02-06 13:00,-10.3,962.9,8.8,186.0,78.0
2011-02-06 14:00,-9.2,962.5,5.9,176.0,76.0
2011-02-06 15:00,-8.9,962.0,5.4,190.0,78.0
2011-02-06 16:00,-8.1,961.6,4.4,197.0,76.2
2011-02-06 17:00,-8.0,961.1,3.8,205.0,79.0
2011-02-06 18:00,-8.2,960.7,4.3,221.0,74.0
2011-02-06 19:00,-7.7,960.3,3.2,228.0,74.0
2011-02-06 20:00,-5.2,959.9,0.9,110.0,59.0
2011-02-06 21:00,-5.2,959.3,1.0,88.0,67.0
2011-02-06 22:00,-4.9,959.0,0.7,93.0,68.0
2011-02-06 23:00,-5.1,958.9,0.9,119.0,69.0
2011-02-07 00:00,-6.4,958.5,2.9,220.0,75.0
2011-02-07 01:00,-7.4,958.1,3.6,199.0,77.0
2011-02-07 02:00,-6.9,957.8,4.2,183.0,76.0
2011-02-07 03:00,-7.0,957.3,4.5,184.0,77.5
2011-02-07 04:00,-6.9,957.1,4.1,192.0,71.0
2011-02-07 05:00,-6.7,956.7,4.0,214.0,67.0
2011-02-07 06:00,-5.9,956.6,3.0,179.0,65.0
2011-02-07 07:00,-5.9,956.6,2.8,218.0,66.0
2011-02-07 08:00,-5.6,956.6,2.5,214.0,65.0
2011-02-07 09:00,-5.4,956.2,3.5,186.0,65.0
2011-02-07 10:00,-4.8,956.1,3.4,218.0,63.0
2011-02-07 11:00,-4.8,956.1,1.9,188.0,67.0
2011-02-07 12:00,-4.0,956.2,0.6,107.0,70.0
2011-02-07 13:00,-4.9,956.2,0.6,137.0,89.0
2011-02-07 14:00,-4.4,956.2,0.8,121.0,88.0
2011-02-07 15:00,-3.8,956.3,1.0,84.0,83.0
2011-02-07 16:00,-4.1,956.4,0.9,91.0,89.0
2011-02-07 17:00,-3.1,956.7,1.2,97.0,85.0
2011-02-07 18:00,-3.0,956.9,0.6,91.0,78.0
2011-02-07 19:00,-2.6,957.1,1.0,108.0,74.0
2011-02-07 20:00,-2.2,957.3,0.8,139.0,70.0
2011-02-07 21:00,-3.1,957.5,1.1,198.0,75.0
2011-02-07 22:00,-2.9,957.7,3.9,176.0,79.0
2011-02-07 23:00,-3.2,957.9,4.2,181.0,80.0
2011-02-08 00:00,-3.3,958.1,4.7,194.0,77.0
2011-02-08 01:00,-3.5,958.1,5.0,195.0,77.0
2011-02-08 02:00,-4.0,958.1,4.9,201.0,79.0
2011-02-08 03:00,-3.6,958.1,4.6,204.0,76.0
2011-02-08 04:00,-3.1,958.2,4.2,220.0,73.0
2011-02-08 05:00,-2.8,958.4,3.0,221.0,69.0
2011-02-08 06:00,-2.3,958.5,1.4,212.0,63.5
2011-02-08 07:00,-3.1,958.9,1.0,312.0,68.0
2011-02-08 08:00,-3.9,959.2,0.9,39.0,71.0
2011-02-08 09:00,-3.8,959.2,0.0,0.0,71.0
2011-02-08 10:00,-3.5,959.4,0.3,162.0,72.0
2011-02-08 11:00,-3.9,959.6,1.9,213.0,73.0
2011-02-08 12:00,-3.3,959.8,0.3,254.0,68.8
2011-02-08 13:00,-3.5,959.8,0.0,0.0,65.4
2011-02-08 14:00,-4.1,959.7,0.8,195.0,68.0
2011-02-08 15:00,-4.3,959.6,1.2,217.0,70.0
2011-02-08 16:00,-5.2,959.7,1.2,213.0,70.2
2011-02-08 17:00,-7.6,959.6,4.7,237.0,81.4
2011-02-08 18:00,-9.2,959.8,6.7,226.0,83.8
2011-02-08 19:00,-9.1,959.9,7.5,221.0,82.5
2011-02-08 20:00,-9.1,959.8,7.6,216.0,79.0
2011-02-08 21:00,-8.6,959.7,6.9,214.0,81.0
2011-02-08 22:00,-8.5,959.4,7.1,217.0,80.0
2011-02-08 23:00,-8.6,959.1,6.5,217.0,79.0
2011-02-09 00:00,-8.4,958.9,5.5,218.0,79.0
2011-02-09 01:00,,958.7,0.0,0.0,71.0
2011-02-09 02:00,-6.5,958.3,0.1,26.0,85.0
2011-02-09 03:00,-7.7,957.9,0.6,37.0,90.0
2011-02-09 04:00,-8.5,957.5,0.0,0.0,92.0
2011-02-09 05:00,-9.1,957.2,1.5,8.0,97.0
2011-02-09 06:00,-9.3,956.7,1.0,351.0,91.0
2011-02-09 07:00,-11.6,956.4,2.5,343.0,89.0
2011-02-09 08:00,-12.1,956.0,2.5,15.0,85.0
2011-02-09 09:00,-14.1,955.9,1.6,359.0,88.0
2011-02-09 10:00,-14.2,955.7,0.3,30.0,88.0
2011-02-09 11:00,-13.4,955.4,3.2,31.0,88.0
2011-02-09 12:00,-12.6,955.2,4.5,20.0,87.0
2011-02-09 13:00,-12.8,954.9,4.2,18.0,93.0
2011-02-09 14:00,-11.3,954.8,2.8,24.0,91.0
2011-02-09 15:00,-10.2,954.6,4.0,52.0,94.0
2011-02-09 16:00,-9.4,954.3,5.2,22.0,87.0
2011-02-09 17:00,-8.6,954.3,4.6,30.0,86.8
2011-02-09 18:00,-8.4,954.0,4.5,49.0,84.0
2011-02-09 19:00,-8.6,953.9,5.1,15.0,84.6
2011-02-09 20:00,-8.4,953.9,5.4,27.0,85.2
2011-02-09 21:00,-7.9,953.8,5.0,18.0,81.0
2011-02-09 22:00,-7.8,953.9,5.3,21.0,83.2
2011-02-09 23:00,-7.8,954.0,5.2,32.0,82.0
2011-02-10 00:00,-7.8,954.2,4.3,44.0,81.0
2011-02-10 01:00,-7.8,954.0,2.8,76.0,84.0
2011-02-10 02:00,-7.8,954.0,0.8,73.0,82.7
2011-02-10 03:00,-7.5,953.8,0.0,0.0,76.0
2011-02-10 04:00,-8.6,953.7,1.7,215.0,88.0
2011-02-10 05:00,-8.6,953.7,2.7,218.0,90.0
2011-02-10 06:00,-8.4,953.7,2.6,169.0,87.0
2011-02-10 07:00,-8.1,953.7,1.5,134.0,82.0
2011-02-10 08:00,-8.3,953.7,2.4,160.0,72.7
2011-02-10 09:00,-8.6,953.6,3.3,173.0,71.0
2011-02-10 10:00,-9.0,953.6,0.0,0.0,72.0
2011-02-10 11:00,-8.8,953.4,0.0,0.0,71.0
2011-02-10 12:00,-8.5,953.3,0.1,110.0,65.4
2011-02-10 13:00,-9.1,953.1,1.0,42.0,62.0
2011-02-10 14:00,-9.0,952.9,1.4,29.0,62.0
2011-02-10 15:00,-9.6,952.8,1.1,42.0,63.0
2011-02-10 16:00,-8.1,952.5,0.3,200.0,65.0
2011-02-10 17:00,-8.2,952.7,0.8,140.0,60.4
2011-02-10 18:00,-8.0,952.7,1.0,176.0,69.0
2011-02-10 19:00,-8.2,952.7,1.6,228.0,72.0
2011-02-10 20:00,-6.7,952.5,2.8,233.0,69.0
2011-02-10 21:00,-5.8,952.6,2.0,232.0,59.0
2011-02-10 22:00,-6.3,952.8,0.4,186.0,65.0
2011-02-10 23:00,-5.7,953.3,1.4,193.0,59.0
2011-02-11 00:00,-6.9,953.6,2.9,202.0,77.0
2011-02-11 01:00,-5.0,954.0,2.5,157.0,70.0
2011-02-11 02:00,-5.9,954.3,4.8,217.0,75.0
2011-02-11 03:00,-6.8,954.8,4.8,209.0,82.0
2011-02-11 04:00,-8.0,955.2,6.5,191.0,80.0
2011-02-11 05:00,-8.7,955.7,8.7,182.0,80.0
2011-02-11 06:00,-9.4,955.8,9.7,180.0,77.0
2011-02-11 07:00,-9.9,955.9,10.9,174.0,76.0
2011-02-11 08:00,-10.5,956.3,11.1,176.0,77.0
2011-02-11 09:00,-11.2,956.5,12.0,174.0,80.0
2011-02-11 10:00,-11.5,957.1,12.5,171.0,79.1
2011-02-11 11:00,-11.1,956.7,13.4,170.0,78.2
2011-02-11 12:00,-10.8,957.4,15.2,168.0,78.0
2011-02-11 13:00,-10.2,957.4,11.6,172.0,78.0
2011-02-11 14:00,-9.8,957.3,11.8,164.0,79.0
2011-02-11 15:00,-9.1,957.7,12.5,159.0,75.2
2011-02-11 16:00,-9.0,957.6,12.0,155.0,73.1
2011-02-11 17:00,-8.9,957.2,11.5,159.0,72.0
2011-02-11 18:00,-7.8,957.4,7.7,150.0,73.0
2011-02-11 19:00,-8.2,958.1,7.1,155.0,78.0
2011-02-11 20:00,-8.3,957.5,7.9,176.0,77.5
2011-02-11 21:00,-7.9,957.8,6.3,177.0,80.0
2011-02-11 22:00,-5.9,958.2,3.0,189.0,68.8
2011-02-11 23:00,-5.2,958.7,2.3,175.0,69.0
2011-02-12 00:00,-4.7,959.0,1.7,158.0,69.0
2011-02-12 01:00,-5.9,959.4,3.7,199.0,80.0
2011-02-12 02:00,-6.1,959.5,4.4,221.0,73.0
2011-02-12 03:00,-6.0,960.0,4.0,211.0,66.8
2011-02-12 04:00,-5.8,960.1,3.5,219.0,76.0
2011-02-12 05:00,-5.9,960.5,5.0,196.0,71.0
2011-02-12 06:00,-3.8,961.0,0.0,0.0,63.0
2011-02-12 07:00,-4.6,961.5,0.3,89.0,65.0
2011-02-12 08:00,-5.7,962.1,0.8,74.0,77.0
2011-02-12 09:00,-4.9,962.6,2.4,62.0,74.8
2011-02-12 10:00,-5.1,963.0,2.4,100.0,73.0
2011-02-12 11:00,-6.8,963.7,4.0,85.0,73.0
2011-02-12 12:00,-6.7,964.3,3.6,97.0,64.0
2011-02-12 13:00,-6.2,964.7,3.0,147.0,60.7
2011-02-12 14:00,-6.1,965.1,4.4,101.0,66.0
2011-02-12 15:00,-5.5,965.6,3.2,100.0,65.0
2011-02-12 16:00,-5.4,966.1,4.6,80.0,75.0
2011-02-12 17:00,-5.8,966.5,4.5,108.0,94.0
2011-02-12 18:00,-5.6,967.0,6.3,101.0,94.7
2011-02-12 19:00,-5.5,967.3,4.3,101.0,95.0
2011-02-12 20:00,-5.4,967.9,4.2,75.0,95.0
2011-02-12 21:00,-5.1,968.6,2.0,66.0,96.0
2011-02-12 22:00,-4.9,969.2,1.2,61.0,95.0
2011-02-12 23:00,-4.3,970.0,4.3,23.0,85.0
2011-02-13 00:00,-4.7,970.6,5.0,31.0,82.0
2011-02-13 01:00,-5.2,971.2,4.2,37.0,82.0
2011-02-13 02:00,-5.5,971.7,1.3,53.0,86.0
2011-02-13 03:00,-5.8,971.9,0.4,99.0,90.0
2011-02-13 04:00,-6.2,972.4,2.6,186.0,91.0
2011-02-13 05:00,-6.1,972.6,2.4,158.0,91.0
2011-02-13 06:00,-6.2,973.0,2.6,180.0,93.6
2011-02-13 07:00,-6.1,973.1,2.4,202.0,91.0
2011-02-13 08:00,-6.6,973.2,3.5,198.0,88.0
2011-02-13 09:00,-6.4,973.1,3.9,184.0,87.0
2011-02-13 10:00,-6.0,973.0,5.1,188.0,75.0
2011-02-13 11:00,-5.4,972.9,5.4,180.0,76.0
2011-02-13 12:00,-5.9,972.8,4.8,195.0,74.0
2011-02-13 13:00,-5.6,972.7,5.1,185.0,66.0
2011-02-13 14:00,-4.9,972.6,4.7,185.0,64.0
2011-02-13 15:00,-4.3,972.3,4.2,186.0,65.0
2011-02-13 16:00,-2.6,972.2,1.1,200.0,66.2
2011-02-13 17:00,-1.4,972.1,0.5,122.0,65.0
2011-02-13 18:00,-1.7,972.0,0.8,90.0,69.9
2011-02-13 19:00,-1.0,971.7,0.4,142.0,61.2
2011-02-13 20:00,-2.5,971.4,2.2,196.0,77.0
2011-02-13 21:00,-3.0,971.1,2.9,189.0,79.0
2011-02-13 22:00,-2.9,970.7,3.6,190.0,78.0
2011-02-13 23:00,-2.6,970.3,3.3,179.0,74.0
2011-02-14 00:00,-2.5,969.9,2.2,213.0,70.1
2011-02-14 01:00,-3.4,969.6,3.4,216.0,76.0
2011-02-14 02:00,-3.4,969.1,4.1,218.0,77.0
2011-02-14 03:00,-3.5,968.6,4.2,220.0,76.0
2011-02-14 04:00,-4.0,968.1,4.9,224.0,77.0
2011-02-14 05:00,-4.1,967.5,5.1,216.0,77.1
2011-02-14 06:00,-3.5,967.1,4.0,222.0,73.0
2011-02-14 07:00,-7.0,966.8,5.9,234.0,78.7
2011-02-14 08:00,-6.0,966.7,1.7,193.0,77.0
2011-02-14 09:00,-7.9,966.3,0.3,10.0,84.0
2011-02-14 10:00,-8.8,966.1,3.3,239.0,83.0
2011-02-14 11:00,-8.6,966.0,4.9,226.0,81.0
2011-02-14 12:00,-11.6,965.9,7.4,222.0,82.6
2011-02-14 13:00,-12.3,965.8,7.8,211.0,78.0
2011-02-14 14:00,-13.5,965.2,9.0,209.0,78.0
2011-02-14 15:00,-13.5,964.5,9.9,211.0,77.0
2011-02-14 16:00,-12.9,964.2,8.7,216.0,79.0
2011-02-14 17:00,-11.4,963.7,8.7,212.0,76.9
2011-02-14 18:00,-11.5,963.4,11.4,179.0,79.0
2011-02-14 19:00,-12.0,962.8,13.0,179.0,78.0
2011-02-14 20:00,-11.3,963.0,12.4,174.0,74.0
2011-02-14 21:00,-10.3,963.2,10.1,174.0,71.0
2011-02-14 22:00,-9.5,962.2,11.0,166.0,76.0
2011-02-14 23:00,-9.8,962.2,10.7,164.0,75.4
2011-02-15 00:00,-10.5,959.8,16.0,168.0,82.0
2011-02-15 01:00,-10.8,957.5,18.7,172.0,85.0
2011-02-15 02:00,-10.7,956.9,20.1,172.0,86.0
2011-02-15 03:00,-10.5,956.0,20.9,165.0,85.0
2011-02-15 04:00,-11.1,954.2,21.4,170.0,86.0
2011-02-15 05:00,-11.3,953.3,23.1,168.0,84.0
2011-02-15 06:00,-11.3,951.9,24.3,167.0,86.0
2011-02-15 07:00,-11.5,951.7,25.0,169.0,87.0
2011-02-15 08:00,-11.6,950.9,23.3,169.0,90.0
2011-02-15 09:00,-11.8,950.5,27.7,161.0,90.0
2011-02-15 10:00,-11.8,950.6,28.2,160.0,88.2
2011-02-15 11:00,-11.5,948.5,23.0,169.0,87.3
2011-02-15 12:00,-11.6,946.9,24.3,160.0,89.0
2011-02-15 13:00,-11.5,946.9,24.5,161.0,89.0
2011-02-15 14:00,-10.7,945.9,25.1,155.0,89.0
2011-02-15 15:00,-9.8,947.1,16.7,168.0,92.2
2011-02-15 16:00,-7.4,947.1,18.8,129.0,86.7
2011-02-15 17:00,-6.9,947.0,21.0,132.0,85.0
2011-02-15 18:00,-7.0,946.7,23.6,128.0,83.0
2011-02-15 19:00,-6.2,948.0,23.3,127.0,79.0
2011-02-15 20:00,-6.1,948.5,22.8,128.0,84.0
2011-02-15 21:00,-6.2,948.5,21.9,124.0,83.0
2011-02-15 22:00,-5.5,948.2,18.9,125.0,75.3
2011-02-15 23:00,-4.6,948.8,20.3,114.0,72.8
2011-02-16 00:00,-4.7,948.9,20.2,110.0,63.0
2011-02-16 01:00,-4.6,949.4,16.7,106.0,64.0
2011-02-16 02:00,-7.4,949.2,11.8,173.0,68.0
2011-02-16 03:00,-5.3,949.4,10.2,169.0,62.7
2011-02-16 04:00,-2.9,949.8,7.5,163.0,58.0
2011-02-16 05:00,-1.4,951.1,6.6,129.0,55.0
2011-02-16 06:00,-1.7,951.1,12.9,106.0,56.0
2011-02-16 07:00,-2.3,950.9,12.6,107.0,60.0
2011-02-16 08:00,-4.2,950.8,8.2,142.0,67.6
2011-02-16 09:00,-4.9,951.4,9.9,102.0,72.1
2011-02-16 10:00,-4.6,951.6,5.3,88.0,68.0
2011-02-16 11:00,-7.1,951.4,6.9,117.0,68.0
2011-02-16 12:00,-8.8,951.2,8.1,193.0,82.0
2011-02-16 13:00,-8.0,951.0,6.8,218.0,80.3
2011-02-16 14:00,-6.7,951.0,5.3,209.0,75.8
2011-02-16 15:00,-3.7,951.0,2.1,175.0,64.0
2011-02-16 16:00,-4.1,950.9,1.3,190.0,70.4
2011-02-16 17:00,,950.8,0.1,187.0,60.0
2011-02-16 18:00,-5.1,950.8,5.0,231.0,68.0
2011-02-16 19:00,-4.3,951.2,4.7,226.0,70.0
2011-02-16 20:00,-4.6,951.2,4.8,228.0,72.4
2011-02-16 21:00,-2.6,951.5,3.1,175.0,63.0
2011-02-16 22:00,-4.1,951.3,4.5,220.0,76.0
2011-02-16 23:00,-2.2,951.7,3.3,184.0,66.0
2011-02-17 00:00,-2.7,951.8,3.2,200.0,77.0
2011-02-17 01:00,-4.0,951.7,5.2,180.0,90.3
2011-02-17 02:00,-5.0,951.8,6.2,183.0,96.0
2011-02-17 03:00,-5.3,951.9,4.8,203.0,96.0
2011-02-17 04:00,-5.4,952.2,4.9,188.0,94.0
2011-02-17 05:00,-4.2,952.4,3.2,208.0,74.0
2011-02-17 06:00,-3.0,952.7,1.1,115.0,67.0
2011-02-17 07:00,-2.9,952.9,0.5,202.0,67.0
2011-02-17 08:00,-2.2,952.9,2.8,233.0,64.0
2011-02-17 09:00,-2.7,953.3,2.1,181.0,65.0
2011-02-17 10:00,-4.5,953.5,1.4,101.0,68.0
2011-02-17 11:00,-5.4,953.8,3.4,164.0,63.8
2011-02-17 12:00,-4.1,953.7,3.6,159.0,55.8
2011-02-17 13:00,-5.0,953.5,5.2,157.0,60.0
2011-02-17 14:00,-4.0,953.2,6.4,162.0,60.0
2011-02-17 15:00,-3.3,953.0,3.4,190.0,55.0
2011-02-17 16:00,-4.0,953.0,4.2,179.0,60.0
2011-02-17 17:00,-2.1,953.1,2.4,174.0,58.0
2011-02-17 18:00,-3.0,953.2,3.6,221.0,65.0
2011-02-17 19:00,-1.5,953.2,4.1,189.0,62.4
2011-02-17 20:00,-1.6,953.1,3.4,196.0,65.0
2011-02-17 21:00,-2.9,952.9,4.3,211.0,72.0
2011-02-17 22:00,-1.2,952.8,4.1,183.0,70.0
2011-02-17 23:00,-0.7,952.7,3.9,122.0,62.6
2011-02-18 00:00,-0.8,952.2,4.4,168.0,63.0
2011-02-18 01:00,-0.8,952.1,6.1,129.0,58.0
2011-02-18 02:00,-1.6,951.4,5.3,193.0,67.0
2011-02-18 03:00,-0.4,951.5,6.7,154.0,65.0
2011-02-18 04:00,-1.3,951.3,4.5,208.0,73.0
2011-02-18 05:00,-0.2,951.6,8.3,104.0,60.0
2011-02-18 06:00,-1.3,951.8,4.4,172.0,66.0
2011-02-18 07:00,-1.7,952.4,3.7,93.0,71.0
2011-02-18 08:00,-4.2,952.7,5.2,206.0,84.0
2011-02-18 09:00,-3.0,952.7,4.6,212.0,70.0
2011-02-18 10:00,-1.5,952.7,0.5,217.0,58.0
2011-02-18 11:00,-1.4,952.7,0.1,213.0,58.0
2011-02-18 12:00,-1.8,952.7,1.4,215.0,59.0
2011-02-18 13:00,-1.6,952.8,0.4,312.0,57.0
2011-02-18 14:00,-1.6,952.5,1.5,272.0,58.4
2011-02-18 15:00,-2.0,952.3,1.6,210.0,60.0
2011-02-18 16:00,-2.5,952.1,3.6,238.0,63.0
2011-02-18 17:00,-4.0,951.8,5.7,196.0,81.0
2011-02-18 18:00,-4.5,951.4,6.2,199.0,80.0
2011-02-18 19:00,-3.9,951.0,7.0,176.0,77.8
2011-02-18 20:00,-2.0,951.2,6.2,176.0,72.0
2011-02-18 21:00,-2.6,950.8,8.7,179.0,77.0
2011-02-18 22:00,-1.7,950.5,5.9,153.0,63.0
2011-02-18 23:00,-2.0,950.5,4.1,166.0,70.3
2011-02-19 00:00,-2.3,950.5,9.1,140.0,67.7
2011-02-19 01:00,-3.6,950.3,13.8,167.0,72.0
2011-02-19 02:00,-4.6,950.0,13.4,159.0,79.0
2011-02-19 03:00,-5.2,949.3,9.9,164.0,78.0
2011-02-19 04:00,-4.2,949.4,7.9,164.0,66.0
2011-02-19 05:00,-3.7,949.5,10.2,111.0,64.0
2011-02-19 06:00,-4.2,950.0,11.6,108.0,66.0
2011-02-19 07:00,-5.0,950.0,12.4,101.0,66.0
2011-02-19 08:00,-3.4,949.9,2.7,132.0,60.0
2011-02-19 09:00,-3.4,949.9,8.3,145.0,57.0
2011-02-19 10:00,-3.9,950.2,6.8,135.0,59.6
2011-02-19 11:00,-5.8,949.1,3.2,194.0,71.0
2011-02-19 12:00,-5.6,948.9,6.6,154.0,64.3
2011-02-19 13:00,-6.6,948.6,7.2,161.0,75.0
2011-02-19 14:00,-5.3,948.9,7.5,126.0,59.0
2011-02-19 15:00,-6.1,948.8,7.3,125.0,65.1
2011-02-19 16:00,-6.1,948.6,10.6,104.0,61.0
2011-02-19 17:00,-5.0,948.4,10.2,105.0,63.0
2011-02-19 18:00,-4.8,948.3,10.8,102.0,64.0
2011-02-19 19:00,-4.0,948.2,10.2,106.0,63.0
2011-02-19 20:00,-3.2,948.2,9.9,110.0,65.0
2011-02-19 21:00,-3.0,948.6,9.9,107.0,68.0
2011-02-19 22:00,-2.6,948.8,9.2,109.0,64.3
2011-02-19 23:00,-2.8,949.0,7.8,103.0,68.5
2011-02-20 00:00,-3.6,949.7,8.9,109.0,74.5
2011-02-20 01:00,-3.7,949.8,7.9,103.0,71.0
2011-02-20 02:00,-4.6,950.4,8.1,112.0,79.0
2011-02-20 03:00,-5.4,950.6,6.3,138.0,81.5
2011-02-20 04:00,-6.0,950.7,4.6,162.0,85.0
2011-02-20 05:00,-7.9,951.2,,,90.0
2011-02-20 06:00,-5.4,951.9,3.6,176.0,85.0
2011-02-20 07:00,-4.7,952.4,1.5,139.0,89.0
2011-02-20 08:00,-4.8,953.1,2.8,100.0,96.9
2011-02-20 09:00,-4.7,953.6,1.8,163.0,95.0
2011-02-20 10:00,-3.7,954.1,1.1,87.0,83.4
2011-02-20 11:00,-4.2,954.9,2.5,67.0,92.0
2011-02-20 12:00,-4.4,955.8,0.6,78.0,94.0
2011-02-20 13:00,-4.0,956.2,1.0,50.0,87.0
2011-02-20 14:00,-4.1,957.1,1.1,89.0,77.0
2011-02-20 15:00,-3.8,957.6,1.4,93.0,73.9
2011-02-20 16:00,-3.2,958.2,1.5,142.0,70.0
2011-02-20 17:00,-2.9,958.7,3.2,152.0,68.0
2011-02-20 18:00,-3.2,959.1,4.7,167.0,69.3
2011-02-20 19:00,-2.7,959.5,3.2,159.0,68.0
2011-02-20 20:00,-2.6,959.6,4.1,178.0,68.7
2011-02-20 21:00,-1.9,959.8,4.9,171.0,64.7
2011-02-20 22:00,-2.1,959.8,5.2,174.0,66.2
2011-02-20 23:00,-1.2,960.1,4.7,109.0,54.0
2011-02-21 00:00,-1.0,959.9,5.9,168.0,49.0
2011-02-21 01:00,-2.3,959.9,6.4,167.0,57.0
2011-02-21 02:00,-1.8,960.2,3.2,135.0,66.0
2011-02-21 03:00,-1.9,960.2,7.6,106.0,67.3
2011-02-21 04:00,-1.4,960.3,6.9,116.0,69.0
2011-02-21 05:00,-1.3,960.3,5.6,127.0,70.0
2011-02-21 06:00,-0.7,960.5,6.0,138.0,66.0
2011-02-21 07:00,-0.6,960.8,9.9,97.0,64.0
2011-02-21 08:00,-0.6,960.6,10.0,103.0,63.1
2011-02-21 09:00,-0.7,960.5,11.8,110.0,62.0
2011-02-21 10:00,-0.2,960.5,11.1,107.0,63.3
2011-02-21 11:00,-0.4,960.8,10.1,96.0,67.0
2011-02-21 12:00,-0.6,961.7,10.5,96.0,68.0
2011-02-21 13:00,-0.2,962.3,11.9,94.0,68.9
2011-02-21 14:00,-0.8,963.2,10.9,88.0,76.0
2011-02-21 15:00,-0.8,963.9,9.4,87.0,74.1
2011-02-21 16:00,-0.8,964.9,10.2,86.0,72.0
2011-02-21 17:00,-0.7,965.9,11.1,90.0,69.0
2011-02-21 18:00,-0.8,966.0,9.4,88.0,72.0
2011-02-21 19:00,-0.4,967.0,9.4,96.0,70.0
2011-02-21 20:00,-0.2,967.4,9.4,92.0,66.9
2011-02-21 21:00,-0.3,967.9,9.0,91.0,67.7
2011-02-21 22:00,-0.2,968.6,7.9,94.0,69.0
2011-02-21 23:00,0.1,969.6,8.1,97.0,63.0
2011-02-22 00:00,0.0,970.4,8.5,102.0,63.0
2011-02-22 01:00,-0.3,970.9,6.2,105.0,63.0
2011-02-22 02:00,-0.1,971.4,5.2,116.0,64.0
2011-02-22 03:00,-0.5,972.0,2.9,133.0,66.0
2011-02-22 04:00,-0.5,972.5,5.9,126.0,66.0
2011-02-22 05:00,-1.4,972.8,3.6,160.0,68.0
2011-02-22 06:00,-1.3,973.0,9.7,103.0,63.1
2011-02-22 07:00,-1.8,973.1,9.4,97.0,71.0
2011-02-22 08:00,-2.1,973.2,6.7,105.0,74.0
2011-02-22 09:00,-2.2,973.3,4.5,96.0,72.0
2011-02-22 10:00,-2.2,973.2,3.1,106.0,70.8
2011-02-22 11:00,-1.4,973.3,2.7,147.0,61.0
2011-02-22 12:00,-4.5,973.0,4.9,220.0,76.0
2011-02-22 13:00,-3.1,972.8,3.7,176.0,64.0
2011-02-22 14:00,-2.0,972.3,1.7,184.0,60.9
2011-02-22 15:00,-3.7,971.8,0.6,227.0,74.0
2011-02-22 16:00,-4.6,971.4,4.7,192.0,80.1
2011-02-22 17:00,-3.2,970.9,3.8,187.0,76.0
2011-02-22 18:00,-2.0,970.4,4.0,179.0,70.0
2011-02-22 19:00,-2.1,969.8,3.2,197.0,71.8
2011-02-22 20:00,-5.1,968.8,7.4,188.0,83.0
2011-02-22 21:00,-5.8,968.0,8.9,182.0,83.0
2011-02-22 22:00,-6.3,967.4,8.6,184.0,81.0
2011-02-22 23:00,-6.2,966.8,8.2,182.0,80.0
2011-02-23 00:00,-6.0,966.2,8.1,172.0,77.0
2011-02-23 01:00,-6.5,965.2,6.1,180.0,78.0
2011-02-23 02:00,-7.6,964.8,6.2,200.0,81.0
2011-02-23 03:00,-7.9,964.2,5.1,212.0,80.0
2011-02-23 04:00,-9.1,963.3,5.9,210.0,83.0
2011-02-23 05:00,-9.5,962.6,6.5,228.0,83.0
2011-02-23 06:00,-10.7,961.9,7.1,228.0,82.0
2011-02-23 07:00,-10.9,961.3,6.6,209.0,81.0
2011-02-23 08:00,-11.3,960.4,6.9,202.0,83.0
2011-02-23 09:00,-11.1,959.5,6.0,209.0,81.0
2011-02-23 10:00,-11.8,958.6,8.7,208.0,83.0
2011-02-23 11:00,-12.1,958.1,8.7,189.0,82.0
2011-02-23 12:00,-12.1,957.1,10.1,185.0,72.0
2011-02-23 13:00,-12.7,956.4,10.9,189.0,70.0
2011-02-23 14:00,-12.6,955.5,10.6,201.0,71.0
2011-02-23 15:00,-12.7,954.7,11.7,200.0,78.0
2011-02-23 16:00,-13.4,954.0,9.5,207.0,78.2
2011-02-23 17:00,-12.5,954.0,4.7,174.0,77.0
2011-02-23 18:00,-12.4,953.0,5.6,201.0,76.0
2011-02-23 19:00,-11.4,952.1,5.3,205.0,78.0
2011-02-23 20:00,-10.5,951.1,6.5,203.0,72.0
2011-02-23 21:00,-10.1,950.9,6.8,212.0,68.0
2011-02-23 22:00,-10.9,950.0,6.9,217.0,73.0
2011-02-23 23:00,-10.6,949.5,5.5,210.0,71.0
2011-02-24 00:00,-10.3,949.0,3.4,219.0,68.4
2011-02-24 01:00,-10.2,948.3,3.3,190.0,75.0
2011-02-24 02:00,-10.3,947.8,0.1,246.0,75.0
2011-02-24 03:00,-10.0,947.2,1.2,12.0,68.0
2011-02-24 04:00,-10.9,946.5,0.8,356.0,84.8
2011-02-24 05:00,-10.9,946.1,1.3,14.0,80.7
2011-02-24 06:00,-10.7,945.6,1.6,353.0,87.0
2011-02-24 07:00,-10.7,945.5,0.6,163.0,87.0
2011-02-24 08:00,-12.3,945.0,3.9,202.0,82.0
2011-02-24 09:00,-13.6,944.7,3.7,223.0,78.0
2011-02-24 10:00,-13.1,944.5,2.8,230.0,80.1
2011-02-24 11:00,-12.3,944.3,1.1,184.0,88.0
2011-02-24 12:00,-11.8,944.1,0.6,43.0,80.0
2011-02-24 13:00,-11.6,943.8,1.2,47.0,77.0
2011-02-24 14:00,-11.6,943.8,2.3,55.0,75.0
2011-02-24 15:00,-10.8,943.6,2.2,53.0,73.0
2011-02-24 16:00,-9.7,943.7,1.6,71.0,65.0
2011-02-24 17:00,-9.1,943.8,0.6,132.0,69.0
2011-02-24 18:00,-8.7,943.9,0.6,204.0,74.0
2011-02-24 19:00,-8.1,943.9,1.2,179.0,77.0
2011-02-24 20:00,-7.9,944.0,2.1,181.0,80.0
2011-02-24 21:00,-8.2,944.2,3.3,185.0,79.2
2011-02-24 22:00,-9.0,944.5,4.2,185.0,79.0
2011-02-24 23:00,-10.1,944.6,4.8,208.0,86.0
2011-02-25 00:00,-10.0,944.7,5.8,204.0,85.0
2011-02-25 01:00,-9.5,945.1,5.2,216.0,77.0
2011-02-25 02:00,-9.1,945.4,3.9,214.0,72.7
2011-02-25 03:00,-7.9,945.9,2.7,151.0,69.4
2011-02-25 04:00,-8.9,946.3,1.3,113.0,84.0
2011-02-25 05:00,-8.8,946.8,1.3,67.0,79.0
2011-02-25 06:00,-8.0,947.4,1.4,109.0,79.0
2011-02-25 07:00,-7.8,948.1,2.8,148.0,74.5
2011-02-25 08:00,-8.5,948.5,3.8,180.0,75.0
2011-02-25 09:00,-10.9,949.0,5.7,198.0,82.0
2011-02-25 10:00,-9.1,949.7,3.1,198.0,82.0
2011-02-25 11:00,-8.7,950.4,2.9,183.0,78.7
2011-02-25 12:00,-8.2,950.9,0.9,169.0,74.0
2011-02-25 13:00,-8.3,951.4,0.7,172.0,75.5
2011-02-25 14:00,-9.2,951.8,1.4,172.0,75.0
2011-02-25 15:00,-10.0,952.2,3.8,228.0,76.0
2011-02-25 16:00,-8.8,952.7,2.3,211.0,72.4
2011-02-25 17:00,-10.2,953.2,4.3,215.0,82.0
2011-02-25 18:00,-10.4,953.6,4.4,224.0,79.0
2011-02-25 19:00,-11.1,953.8,6.4,232.0,77.0
2011-02-25 20:00,-11.7,953.9,6.2,224.0,78.0
2011-02-25 21:00,-11.5,954.0,5.5,226.0,73.5
2011-02-25 22:00,-11.4,954.3,5.8,209.0,76.0
2011-02-25 23:00,-12.1,954.4,5.4,230.0,76.0
2011-02-26 00:00,-12.1,954.5,5.6,227.0,76.0
2011-02-26 01:00,-12.2,954.7,4.8,225.0,75.0
2011-02-26 02:00,-13.4,954.8,4.9,228.0,74.0
2011-02-26 03:00,-13.6,954.8,5.9,221.0,73.0
2011-02-26 04:00,-10.4,954.9,0.9,185.0,62.0
2011-02-26 05:00,-11.0,955.1,2.2,226.0,64.0
2011-02-26 06:00,-12.6,955.2,4.4,225.0,73.0
2011-02-26 07:00,-10.8,955.4,3.3,219.0,64.0
2011-02-26 08:00,-11.0,955.4,2.4,220.0,65.0
2011-02-26 09:00,-11.1,955.3,3.6,229.0,62.0
2011-02-26 10:00,-10.9,955.1,4.1,222.0,63.0
2011-02-26 11:00,-9.8,955.4,2.9,224.0,60.0
2011-02-26 12:00,-8.7,955.7,0.2,293.0,59.0
2011-02-26 13:00,-7.9,955.5,1.1,240.0,58.3
2011-02-26 14:00,-8.7,955.4,4.1,232.0,61.9
2011-02-26 15:00,-10.9,955.2,5.4,235.0,69.0
2011-02-26 16:00,-11.3,954.9,5.7,225.0,69.5
2011-02-26 17:00,-9.8,954.7,3.4,219.0,66.0
2011-02-26 18:00,-8.3,954.5,3.0,221.0,63.0
2011-02-26 19:00,-8.2,954.4,0.2,62.0,56.2
2011-02-26 20:00,-8.0,954.0,0.3,84.0,57.0
2011-02-26 21:00,-10.0,953.6,3.6,227.0,62.0
2011-02-26 22:00,-10.1,953.5,3.7,211.0,70.6
2011-02-26 23:00,-11.5,953.5,2.4,234.0,76.0
2011-02-27 00:00,-8.9,953.3,2.3,230.0,65.0
2011-02-27 01:00,-10.0,953.2,3.0,231.0,72.0
2011-02-27 02:00,-11.1,953.2,4.9,6.0,74.5
2011-02-27 03:00,-9.8,953.0,0.4,77.0,70.0
2011-02-27 04:00,-11.0,953.0,1.0,359.0,75.0
2011-02-27 05:00,-9.4,952.9,1.3,166.0,68.0
2011-02-27 06:00,-9.9,952.7,5.2,224.0,70.0
2011-02-27 07:00,-9.1,952.5,5.3,222.0,65.0
2011-02-27 08:00,-11.5,951.9,5.3,235.0,71.0
2011-02-27 09:00,-9.6,952.0,1.9,259.0,68.0
2011-02-27 10:00,-10.0,952.0,2.4,250.0,63.0
2011-02-27 11:00,-16.3,951.5,9.6,224.0,77.0
2011-02-27 12:00,-16.3,951.1,9.9,231.0,70.8
2011-02-27 13:00,-16.4,950.6,9.8,231.0,71.0
2011-02-27 14:00,-16.5,950.2,8.8,213.0,71.2
2011-02-27 15:00,-16.1,949.8,7.0,212.0,74.0
2011-02-27 16:00,-15.0,949.7,7.2,226.0,73.0
2011-02-27 17:00,-14.0,949.5,6.4,222.0,74.9
2011-02-27 18:00,-13.6,949.0,7.9,219.0,74.0
2011-02-27 19:00,-12.4,948.5,8.6,190.0,76.3
2011-02-27 20:00,-12.1,948.1,9.0,187.0,72.0
2011-02-27 21:00,-12.2,947.8,9.4,193.0,76.0
2011-02-27 22:00,-12.2,947.2,10.4,184.0,77.0
2011-02-27 23:00,-11.7,947.5,6.8,209.0,78.0
2011-02-28 00:00,-12.2,947.0,9.1,200.0,78.9
2011-02-28 01:00,-12.1,946.9,8.1,214.0,79.0
2011-02-28 02:00,-12.8,946.7,8.8,198.0,80.0
2011-02-28 03:00,-13.1,946.4,7.7,196.0,80.0
2011-02-28 04:00,-12.3,946.6,7.2,216.0,80.0
2011-02-28 05:00,-13.3,946.4,7.9,218.0,82.1
2011-02-28 06:00,-13.1,946.8,8.8,198.0,81.6
2011-02-28 07:00,-12.6,946.9,8.8,196.0,77.0
2011-02-28 08:00,-14.4,946.0,11.3,181.0,80.0
2011-02-28 09:00,-14.4,946.7,10.5,184.0,80.0
2011-02-28 10:00,-13.8,947.2,9.3,180.0,74.0
2011-02-28 11:00,-10.8,946.8,6.3,169.0,80.0
2011-02-28 12:00,-12.8,947.6,8.1,201.0,81.0
2011-02-28 13:00,-13.5,947.4,9.8,190.0,84.0
2011-02-28 14:00,-14.9,947.3,14.5,173.0,87.6
2011-02-28 15:00,-13.9,946.8,14.6,174.0,86.0
2011-02-28 16:00,-12.5,947.3,10.8,175.0,81.0
2011-02-28 17:00,-6.4,948.5,9.4,115.0,55.4
2011-02-28 18:00,-6.0,948.7,8.3,97.0,65.0
2011-02-28 19:00,-8.8,949.3,5.3,213.0,74.0
2011-02-28 20:00,-5.9,949.8,2.7,219.0,61.0
2011-02-28 21:00,-8.8,950.4,7.8,215.0,72.0
2011-02-28 22:00,-10.6,950.8,10.4,192.0,80.6
2011-02-28 23:00,-10.4,951.0,10.4,194.0,86.0
