Dates,Temperature_(Celsius),Pressure_(hPa),Wind_Speed_(m/s),Wind_Direction
2010-01-06 21:00,1.80,-5.90,9.77,0
2010-01-06 22:00,3.10,-6.60,175.43,0
2010-01-06 23:00,3.10,-5.70,137.87,0
2010-01-07 00:00,2.50,-5.60,117.81,0
2010-01-07 01:00,7.00,-6.90,136.33,0
2010-01-07 02:00,8.80,-7.70,128.61,0
2010-01-07 03:00,7.40,-7.80,135.81,0
2010-01-07 04:00,7.80,-7.20,137.36,0
2010-01-07 05:00,5.10,-6.60,138.39,0
2010-01-07 06:00,7.20,-6.30,130.67,0
2010-01-07 07:00,6.60,-6.00,136.33,0
2010-01-07 08:00,4.90,-5.40,138.39,0
2010-01-07 09:00,4.50,-5.00,140.96,0
2010-01-07 10:00,13.70,-7.50,145.07,0
2010-01-07 11:00,9.00,-6.10,134.27,0
2010-01-07 12:00,7.60,-5.50,140.96,0
2010-01-07 13:00,4.50,-5.00,141.47,0
2010-01-07 14:00,4.90,-4.90,135.81,0
2010-01-07 15:00,5.30,-4.00,147.13,0
2010-01-07 16:00,1.80,-2.20,39.61,0
2010-01-07 17:00,2.10,-3.50,115.75,0
2010-01-07 18:00,2.90,-4.20,20.58,0
2010-01-07 19:00,3.50,-5.00,5.66,0
2010-01-07 20:00,2.90,-4.10,5.66,0
2010-01-07 21:00,6.40,-4.80,8.75,0
2010-01-07 22:00,5.70,-5.30,17.49,0
2010-01-07 23:00,2.70,-5.70,2.57,0
2010-01-08 00:00,3.70,-5.90,20.58,0
2010-01-08 01:00,4.50,-6.60,13.38,0
2010-01-08 02:00,4.50,-7.10,181.60,0
2010-01-08 03:00,4.50,-6.50,181.08,0
2010-01-08 04:00,5.30,-6.10,174.40,0
2010-01-08 05:00,5.70,-7.10,177.48,0
2010-01-08 06:00,6.40,-5.70,175.94,0
2010-01-08 07:00,5.70,-6.20,183.66,0
2010-01-08 08:00,3.50,-6.70,0.00,0
2010-01-08 09:00,4.30,-5.90,180.06,0
2010-01-08 10:00,6.60,-7.10,172.85,0
2010-01-08 11:00,4.70,-6.30,10.29,0
2010-01-08 12:00,4.50,-6.20,7.72,0
2010-01-08 13:00,2.70,-6.30,27.78,0
2010-01-08 14:00,5.90,-6.10,20.06,0
2010-01-08 15:00,6.20,-6.40,20.58,0
2010-01-08 16:00,8.00,-6.40,20.58,0
2010-01-08 17:00,7.60,-6.50,16.98,0
2010-01-08 18:00,7.40,-6.70,19.55,0
2010-01-08 19:00,7.80,-7.00,13.89,0
2010-01-08 20:00,8.60,-7.30,18.01,0
2010-01-08 21:00,9.20,-7.00,17.49,0
2010-01-08 22:00,9.20,-7.60,13.38,0
2010-01-08 23:00,9.80,-8.50,6.69,0
2010-01-09 00:00,10.50,-8.40,11.83,0
2010-01-09 01:00,10.30,-8.90,17.49,0
2010-01-09 02:00,8.40,-9.20,21.61,0
2010-01-09 03:00,8.40,-9.50,13.89,0
2010-01-09 04:00,8.40,-9.70,8.75,0
2010-01-09 05:00,8.40,-8.90,6.17,0
2010-01-09 06:00,7.60,-8.30,7.20,0
2010-01-09 07:00,6.00,-8.90,5.66,0
2010-01-09 08:00,3.50,-9.70,177.48,0
2010-01-09 09:00,6.00,-9.20,11.83,0
2010-01-09 10:00,6.00,-9.10,19.55,0
2010-01-09 11:00,7.40,-9.00,19.03,0
2010-01-09 12:00,5.30,-8.40,20.06,0
2010-01-09 13:00,5.30,-8.00,18.01,0
2010-01-09 14:00,6.00,-7.30,8.23,0
2010-01-09 15:00,3.70,-7.20,19.55,0
2010-01-09 16:00,1.20,-6.20,49.90,0
2010-01-09 17:00,3.70,-7.20,30.35,0
2010-01-09 18:00,2.90,-6.60,18.52,0
2010-01-09 19:00,3.70,-7.60,19.55,0
2010-01-09 20:00,3.30,-5.70,169.25,0
2010-01-09 21:00,2.00,-7.30,13.38,0
2010-01-09 22:00,2.00,-4.90,114.72,0
2010-01-09 23:00,2.70,-5.90,119.35,0
2010-01-10 00:00,3.10,-7.20,132.21,0
2010-01-10 01:00,4.10,-7.30,131.70,0
2010-01-10 02:00,4.50,-8.40,136.84,0
2010-01-10 03:00,4.90,-8.60,138.39,0
2010-01-10 04:00,6.60,-9.10,139.93,0
2010-01-10 05:00,7.80,-9.40,136.33,0
2010-01-10 06:00,10.70,-9.50,137.87,0
2010-01-10 07:00,12.30,-9.50,137.36,0
2010-01-10 08:00,14.00,-9.60,139.93,0
2010-01-10 09:00,10.50,-9.70,139.93,0
2010-01-10 10:00,13.80,-10.30,140.44,0
2010-01-10 11:00,13.70,-9.90,140.44,0
2010-01-10 12:00,11.50,-10.10,134.78,0
2010-01-10 13:00,13.30,-9.60,138.90,0
2010-01-10 14:00,8.80,-8.90,136.33,0
2010-01-10 15:00,10.70,-8.40,129.13,0
2010-01-10 16:00,7.40,-7.80,138.90,0
2010-01-10 17:00,6.40,-7.00,131.18,0
2010-01-10 18:00,1.80,-7.90,48.36,0
2010-01-10 19:00,2.30,-5.80,118.84,0
2010-01-10 20:00,2.00,-7.20,39.61,0
2010-01-10 21:00,8.20,-7.00,127.07,0
2010-01-10 22:00,15.60,-7.70,137.36,0
2010-01-10 23:00,17.20,-8.20,136.84,0
2010-01-11 00:00,14.20,-8.50,137.87,0
2010-01-11 01:00,17.20,-9.20,139.93,0
2010-01-11 02:00,18.90,-9.10,140.44,0
2010-01-11 03:00,21.30,-9.40,139.93,0
2010-01-11 04:00,20.50,-9.50,140.44,0
2010-01-11 05:00,20.30,-10.10,139.93,0
2010-01-11 06:00,19.10,-10.40,140.44,0
2010-01-11 07:00,15.20,-10.30,138.39,0
2010-01-11 08:00,15.20,-9.50,139.93,0
2010-01-11 09:00,10.50,-9.80,138.90,0
2010-01-11 10:00,9.00,-9.10,137.36,0
2010-01-11 11:00,8.60,-8.80,132.73,0
2010-01-11 12:00,8.00,-8.90,137.87,0
2010-01-11 13:00,4.90,-8.60,129.64,0
2010-01-11 14:00,2.70,-7.80,120.38,0
2010-01-11 15:00,2.00,-7.80,56.59,0
2010-01-11 16:00,1.00,-4.20,54.02,0
2010-01-11 17:00,1.40,-7.40,40.13,0
2010-01-11 18:00,2.90,-7.80,27.78,0
2010-01-11 19:00,2.10,-6.60,19.03,0
2010-01-11 20:00,1.80,-7.00,46.81,0
2010-01-11 21:00,1.00,-6.20,134.27,0
2010-01-11 22:00,1.60,-6.70,123.98,0
2010-01-11 23:00,0.60,-4.50,130.67,0
2010-01-12 00:00,4.70,-7.90,159.99,0
2010-01-12 01:00,3.50,-7.80,133.24,0
2010-01-12 02:00,3.90,-7.60,134.27,0
2010-01-12 03:00,3.90,-7.60,126.55,0
2010-01-12 04:00,7.80,-7.80,145.07,0
2010-01-12 05:00,12.90,-9.40,143.02,0
2010-01-12 06:00,12.30,-7.50,140.96,0
2010-01-12 07:00,20.10,-9.30,145.59,0
2010-01-12 08:00,19.90,-8.80,143.53,0
2010-01-12 09:00,18.30,-7.80,138.90,0
2010-01-12 10:00,14.60,-7.50,132.73,0
2010-01-12 11:00,18.70,-7.60,142.50,0
2010-01-12 12:00,17.60,-7.10,139.93,0
2010-01-12 13:00,15.80,-6.60,136.33,0
2010-01-12 14:00,16.80,-6.90,140.96,0
2010-01-12 15:00,16.20,-6.00,138.90,0
2010-01-12 16:00,13.70,-5.40,132.73,0
2010-01-12 17:00,14.00,-4.80,136.84,0
2010-01-12 18:00,6.60,-4.50,130.15,0
2010-01-12 19:00,0.80,-3.60,122.44,0
2010-01-12 20:00,5.30,-4.30,131.18,0
2010-01-12 21:00,6.80,-4.30,154.33,0
2010-01-12 22:00,13.80,-4.20,131.18,0
2010-01-12 23:00,15.00,-4.30,127.58,0
2010-01-13 00:00,9.40,-5.10,138.39,0
2010-01-13 01:00,10.10,-5.10,135.30,0
2010-01-13 02:00,10.90,-5.40,142.50,0
2010-01-13 03:00,10.50,-5.80,149.19,0
2010-01-13 04:00,11.70,-6.40,147.13,0
2010-01-13 05:00,10.90,-5.80,157.42,0
2010-01-13 06:00,13.70,-6.10,148.67,0
2010-01-13 07:00,13.80,-6.00,148.67,0
2010-01-13 08:00,11.70,-5.00,148.67,0
2010-01-13 09:00,5.70,-4.30,130.67,0
2010-01-13 10:00,9.60,-5.20,137.87,0
2010-01-13 11:00,11.30,-5.20,143.53,0
2010-01-13 12:00,8.80,-5.10,147.65,0
2010-01-13 13:00,6.60,-3.90,152.79,0
2010-01-13 14:00,2.00,-2.60,156.91,0
2010-01-13 15:00,2.50,-2.00,182.63,0
2010-01-13 16:00,3.90,-2.30,24.18,0
2010-01-13 17:00,4.50,-2.80,31.38,0
2010-01-13 18:00,8.40,-2.60,8.75,0
2010-01-13 19:00,8.20,-2.50,10.80,0
2010-01-13 20:00,8.20,-2.40,14.40,0
2010-01-13 21:00,9.20,-2.90,18.01,0
2010-01-13 22:00,5.90,-3.30,11.83,0
2010-01-13 23:00,6.40,-2.60,2.57,0
2010-01-14 00:00,3.90,-1.80,5.14,0
2010-01-14 01:00,6.80,-2.80,174.40,0
2010-01-14 02:00,6.40,-3.60,172.34,0
2010-01-14 03:00,7.60,-3.10,0.00,0
2010-01-14 04:00,6.80,-2.80,183.66,0
2010-01-14 05:00,8.40,-3.30,182.63,0
2010-01-14 06:00,8.40,-5.20,180.06,0
2010-01-14 07:00,7.40,-4.90,178.00,0
2010-01-14 08:00,8.00,-4.20,178.51,0
2010-01-14 09:00,6.80,-3.90,179.03,0
2010-01-14 10:00,9.20,-3.60,8.75,0
2010-01-14 11:00,9.80,-2.60,18.01,0
2010-01-14 12:00,9.60,-3.10,7.20,0
2010-01-14 13:00,6.40,-3.00,20.06,0
2010-01-14 14:00,10.90,-2.90,15.95,0
2010-01-14 15:00,8.80,-3.00,19.03,0
2010-01-14 16:00,6.40,-2.90,27.27,0
2010-01-14 17:00,7.00,-2.80,32.41,0
2010-01-14 18:00,6.40,-2.70,34.98,0
2010-01-14 19:00,6.40,-3.30,31.38,0
2010-01-14 20:00,3.70,-3.70,33.95,0
2010-01-14 21:00,3.70,-4.10,25.21,0
2010-01-14 22:00,5.10,-4.90,15.43,0
2010-01-14 23:00,3.50,-5.10,21.61,0
2010-01-15 00:00,2.30,-3.90,74.08,0
2010-01-15 01:00,1.80,-4.30,39.10,0
2010-01-15 02:00,1.40,-5.80,174.91,0
2010-01-15 03:00,2.50,-6.20,13.89,0
2010-01-15 04:00,2.50,-6.80,15.43,0
2010-01-15 05:00,3.90,-6.80,10.80,0
2010-01-15 06:00,1.80,-7.00,28.29,0
2010-01-15 07:00,3.90,-7.50,181.60,0
2010-01-15 08:00,2.00,-6.80,14.40,0
2010-01-15 09:00,2.00,-6.50,13.89,0
2010-01-15 10:00,1.40,-5.30,77.68,0
2010-01-15 11:00,2.70,-5.90,68.42,0
2010-01-15 12:00,0.80,-6.10,135.30,0
2010-01-15 13:00,2.30,-5.50,13.38,0
2010-01-15 14:00,1.80,-4.70,83.34,0
2010-01-15 15:00,2.10,-4.90,32.41,0
2010-01-15 16:00,6.40,-5.60,9.77,0
2010-01-15 17:00,1.80,-6.10,83.85,0
2010-01-15 18:00,3.50,-6.00,133.24,0
2010-01-15 19:00,2.50,-5.90,112.66,0
2010-01-15 20:00,5.50,-6.30,110.61,0
2010-01-15 21:00,3.70,-6.30,126.55,0
2010-01-15 22:00,2.50,-5.60,93.11,0
2010-01-15 23:00,4.70,-7.00,113.18,0
2010-01-16 00:00,5.70,-7.50,113.69,0
2010-01-16 01:00,6.40,-8.20,126.55,0
2010-01-16 02:00,7.40,-7.70,122.44,0
2010-01-16 03:00,9.20,-8.50,130.15,0
2010-01-16 04:00,8.00,-8.70,135.81,0
2010-01-16 05:00,10.90,-9.00,137.36,0
2010-01-16 06:00,12.90,-9.40,140.44,0
2010-01-16 07:00,15.00,-9.10,137.87,0
2010-01-16 08:00,21.30,-11.00,143.53,0
2010-01-16 09:00,19.30,-10.80,139.93,0
2010-01-16 10:00,19.90,-10.30,138.90,0
2010-01-16 11:00,21.30,-11.30,140.44,0
2010-01-16 12:00,21.30,-9.40,129.64,0
2010-01-16 13:00,18.70,-8.00,119.35,0
2010-01-16 14:00,9.40,-7.90,146.62,0
2010-01-16 15:00,14.80,-7.90,131.70,0
2010-01-16 16:00,19.10,-8.10,117.29,0
2010-01-16 17:00,12.30,-8.20,115.24,0
2010-01-16 18:00,15.60,-8.90,115.75,0
2010-01-16 19:00,19.30,-8.20,130.15,0
2010-01-16 20:00,24.60,-8.30,121.92,0
2010-01-16 21:00,24.00,-8.10,126.04,0
2010-01-16 22:00,21.80,-8.20,121.41,0
2010-01-16 23:00,18.50,-8.30,115.75,0
2010-01-17 00:00,27.30,-8.20,116.26,0
2010-01-17 01:00,29.30,-7.80,114.21,0
2010-01-17 02:00,30.80,-8.30,111.12,0
2010-01-17 03:00,20.90,-10.20,121.41,0
2010-01-17 04:00,33.20,-11.80,129.13,0
2010-01-17 05:00,26.70,-12.90,131.70,0
2010-01-17 06:00,25.40,-12.70,137.87,0
2010-01-17 07:00,26.70,-13.50,137.36,0
2010-01-17 08:00,27.30,-13.00,134.78,0
2010-01-17 09:00,20.50,-13.40,139.41,0
2010-01-17 10:00,22.60,-12.80,144.56,0
2010-01-17 11:00,33.20,-12.90,141.99,0
2010-01-17 12:00,29.60,-11.40,134.27,0
2010-01-17 13:00,29.10,-11.70,134.78,0
2010-01-17 14:00,24.00,-10.30,121.41,0
2010-01-17 15:00,18.30,-9.30,123.47,0
2010-01-17 16:00,19.10,-9.20,130.15,0
2010-01-17 17:00,18.30,-9.10,128.10,0
2010-01-17 18:00,17.90,-9.00,114.21,0
2010-01-17 19:00,20.90,-8.80,117.29,0
2010-01-17 20:00,19.10,-8.90,127.58,0
2010-01-17 21:00,14.40,-9.20,104.43,0
2010-01-17 22:00,9.80,-10.40,109.06,0
2010-01-17 23:00,8.80,-11.50,117.29,0
2010-01-18 00:00,7.20,-12.30,119.87,0
2010-01-18 01:00,9.40,-12.60,116.78,0
2010-01-18 02:00,7.40,-13.40,140.44,0
2010-01-18 03:00,6.00,-13.20,146.62,0
2010-01-18 04:00,4.50,-13.30,147.65,0
2010-01-18 05:00,7.00,-13.80,134.78,0
2010-01-18 06:00,10.30,-15.10,156.39,0
2010-01-18 07:00,10.10,-15.00,154.85,0
2010-01-18 08:00,10.70,-15.20,155.36,0
2010-01-18 09:00,7.40,-15.20,121.92,0
2010-01-18 10:00,3.50,-14.60,143.02,0
2010-01-18 11:00,3.30,-13.50,41.16,0
2010-01-18 12:00,7.00,-14.70,96.72,0
2010-01-18 13:00,3.30,-14.40,106.49,0
2010-01-18 14:00,3.50,-13.00,62.25,0
2010-01-18 15:00,3.50,-13.30,53.50,0
2010-01-18 16:00,4.90,-13.10,75.11,0
2010-01-18 17:00,2.10,-13.50,41.16,0
2010-01-18 18:00,3.90,-13.20,52.99,0
2010-01-18 19:00,4.70,-13.40,58.65,0
2010-01-18 20:00,2.90,-13.50,64.31,0
2010-01-18 21:00,5.30,-13.80,43.73,0
2010-01-18 22:00,2.90,-13.40,58.65,0
2010-01-18 23:00,3.10,-13.50,44.76,0
2010-01-19 00:00,2.70,-13.50,47.84,0
2010-01-19 01:00,3.90,-13.60,25.21,0
2010-01-19 02:00,3.10,-13.80,43.21,0
2010-01-19 03:00,5.90,-14.10,10.80,0
2010-01-19 04:00,7.00,-14.10,23.66,0
2010-01-19 05:00,6.40,-13.90,24.18,0
2010-01-19 06:00,7.20,-13.90,27.27,0
2010-01-19 07:00,4.90,-14.10,25.72,0
2010-01-19 08:00,7.80,-14.10,17.49,0
2010-01-19 09:00,6.60,-13.90,30.35,0
2010-01-19 10:00,5.10,-13.90,33.95,0
2010-01-19 11:00,7.60,-13.80,29.84,0
2010-01-19 12:00,4.50,-14.00,58.13,0
2010-01-19 13:00,8.40,-13.80,33.44,0
2010-01-19 14:00,7.60,-13.40,33.95,0
2010-01-19 15:00,6.60,-13.80,31.38,0
2010-01-19 16:00,6.60,-13.40,31.90,0
2010-01-19 17:00,9.90,-13.00,33.95,0
2010-01-19 18:00,8.00,-13.40,32.92,0
2010-01-19 19:00,10.10,-13.80,30.87,0
2010-01-19 20:00,7.60,-13.70,34.98,0
2010-01-19 21:00,7.40,-13.30,30.35,0
2010-01-19 22:00,8.80,-13.80,28.81,0
2010-01-19 23:00,7.40,-14.30,24.18,0
2010-01-20 00:00,8.20,-14.60,28.29,0
2010-01-20 01:00,7.00,-14.70,27.78,0
2010-01-20 02:00,9.00,-14.80,24.18,0
2010-01-20 03:00,8.80,-15.00,22.64,0
2010-01-20 04:00,4.50,-14.80,24.18,0
2010-01-20 05:00,3.70,-15.00,13.38,0
2010-01-20 06:00,5.10,-15.60,16.98,0
2010-01-20 07:00,2.10,-16.40,174.40,0
2010-01-20 08:00,5.70,-15.20,18.52,0
2010-01-20 09:00,26.90,-14.80,39.10,0
2010-01-20 10:00,27.10,-15.20,170.28,0
2010-01-20 11:00,28.50,-14.00,80.25,0
2010-01-20 12:00,15.80,-13.20,107.00,0
2010-01-20 13:00,6.40,-14.00,33.44,0
2010-01-20 14:00,4.10,-13.50,30.87,0
2010-01-20 15:00,6.60,-14.70,25.21,0
2010-01-20 16:00,8.00,-14.00,28.29,0
2010-01-20 17:00,8.20,-13.80,32.41,0
2010-01-20 18:00,6.60,-13.50,28.29,0
2010-01-20 19:00,6.80,-13.60,44.76,0
2010-01-20 20:00,4.30,-13.50,22.64,0
2010-01-20 21:00,8.40,-13.50,21.09,0
2010-01-20 22:00,3.70,-13.60,30.35,0
2010-01-20 23:00,9.40,-14.10,18.01,0
2010-01-21 00:00,6.20,-14.10,25.72,0
2010-01-21 01:00,20.70,-14.10,165.14,0
2010-01-21 02:00,48.40,-14.50,16.46,0
2010-01-21 03:00,10.10,-14.80,17.49,0
2010-01-21 04:00,8.60,-15.10,12.86,0
2010-01-21 05:00,2.70,-16.30,175.43,0
2010-01-21 06:00,7.40,-14.90,20.58,0
2010-01-21 07:00,4.50,-14.90,19.03,0
2010-01-21 08:00,2.30,-15.90,113.69,0
2010-01-21 09:00,2.10,-13.90,24.18,0
2010-01-21 10:00,2.50,-13.30,7.20,0
2010-01-21 11:00,2.90,-13.80,0.00,0
2010-01-21 12:00,5.70,-12.80,7.20,0
2010-01-21 13:00,3.90,-10.90,10.29,0
2010-01-21 14:00,2.00,-8.70,167.19,0
2010-01-21 15:00,5.30,-8.80,22.64,0
2010-01-21 16:00,2.90,-8.10,1.03,0
2010-01-21 17:00,6.40,-9.60,15.43,0
2010-01-21 18:00,3.50,-9.50,25.72,0
2010-01-21 19:00,4.30,-9.10,21.61,0
2010-01-21 20:00,6.20,-10.20,21.09,0
2010-01-21 21:00,8.40,-10.80,20.06,0
2010-01-21 22:00,7.40,-11.10,18.52,0
2010-01-21 23:00,6.20,-12.20,11.32,0
2010-01-22 00:00,8.80,-12.70,17.49,0
2010-01-22 01:00,4.50,-12.50,4.12,0
2010-01-22 02:00,7.40,-11.80,20.58,0
2010-01-22 03:00,10.10,-12.10,20.06,0
2010-01-22 04:00,5.30,-12.80,21.61,0
2010-01-22 05:00,4.30,-12.50,23.66,0
2010-01-22 06:00,2.90,-13.00,24.18,0
2010-01-22 07:00,5.90,-12.60,17.49,0
2010-01-22 08:00,4.10,-12.60,27.78,0
2010-01-22 09:00,7.20,-12.50,20.58,0
2010-01-22 10:00,6.00,-12.10,27.27,0
2010-01-22 11:00,2.90,-12.20,22.64,0
2010-01-22 12:00,6.20,-12.10,25.72,0
2010-01-22 13:00,11.30,-11.80,28.29,0
2010-01-22 14:00,18.10,-11.40,22.12,0
2010-01-22 15:00,12.10,-11.20,21.61,0
2010-01-22 16:00,26.90,-11.30,21.09,0
2010-01-22 17:00,25.90,-10.90,35.50,0
2010-01-22 18:00,31.20,-10.90,73.05,0
2010-01-22 19:00,36.70,-10.90,49.90,0
2010-01-22 20:00,,-10.60,,0
2010-01-22 21:00,,-10.60,,0
2010-01-22 22:00,36.90,-10.70,62.25,0
2010-01-22 23:00,,-11.00,,0
2010-01-23 00:00,,-11.00,,0
2010-01-23 01:00,,-11.00,,0
2010-01-23 02:00,,-11.00,,0
2010-01-23 03:00,,-10.50,,0
2010-01-23 04:00,,-10.40,,0
2010-01-23 05:00,,-10.60,,0
2010-01-23 06:00,,-9.70,,0
2010-01-23 07:00,3.90,-10.10,164.62,0
2010-01-23 08:00,3.90,-8.60,21.61,0
2010-01-23 09:00,2.00,-10.00,32.41,0
2010-01-23 10:00,2.30,-9.90,19.03,0
2010-01-23 11:00,3.10,-9.60,26.75,0
2010-01-23 12:00,2.10,-8.80,20.58,0
2010-01-23 13:00,1.80,-7.90,37.55,0
2010-01-23 14:00,1.60,-7.30,32.41,0
2010-01-23 15:00,1.80,-8.80,37.55,0
2010-01-23 16:00,2.30,-8.40,21.09,0
2010-01-23 17:00,1.80,-7.80,18.52,0
2010-01-23 18:00,2.30,-7.60,23.66,0
2010-01-23 19:00,3.70,-8.00,27.78,0
2010-01-23 20:00,13.30,-8.60,14.92,0
2010-01-23 21:00,3.10,-8.40,26.75,0
2010-01-23 22:00,3.90,-9.10,32.92,0
2010-01-23 23:00,4.90,-9.30,37.55,0
2010-01-24 00:00,6.00,-9.40,32.92,0
2010-01-24 01:00,5.10,-9.30,28.29,0
2010-01-24 02:00,10.30,-9.50,18.01,0
2010-01-24 03:00,8.40,-10.00,16.98,0
2010-01-24 04:00,8.80,-10.60,14.40,0
2010-01-24 05:00,7.60,-10.30,16.98,0
2010-01-24 06:00,6.20,-10.50,18.01,0
2010-01-24 07:00,4.90,-10.20,16.46,0
2010-01-24 08:00,3.50,-10.40,9.26,0
2010-01-24 09:00,3.70,-10.10,179.54,0
2010-01-24 10:00,4.70,-10.60,0.00,0
2010-01-24 11:00,6.60,-9.80,9.26,0
2010-01-24 12:00,4.10,-8.80,16.46,0
2010-01-24 13:00,2.00,-7.50,24.18,0
2010-01-24 14:00,5.90,-9.50,21.61,0
2010-01-24 15:00,6.00,-8.40,21.09,0
2010-01-24 16:00,4.50,-7.60,31.38,0
2010-01-24 17:00,4.10,-7.40,34.98,0
2010-01-24 18:00,2.50,-7.20,29.84,0
2010-01-24 19:00,1.80,-5.60,28.81,0
2010-01-24 20:00,1.00,-7.10,40.64,0
2010-01-24 21:00,1.60,-8.40,44.76,0
2010-01-24 22:00,1.20,-8.30,43.73,0
2010-01-24 23:00,3.10,-8.80,51.44,0
2010-01-25 00:00,2.90,-8.60,61.22,0
2010-01-25 01:00,1.60,-8.50,57.10,0
2010-01-25 02:00,3.70,-8.80,54.02,0
2010-01-25 03:00,2.70,-9.10,49.90,0
2010-01-25 04:00,2.10,-9.30,44.24,0
2010-01-25 05:00,1.80,-9.40,41.16,0
2010-01-25 06:00,15.20,-9.70,45.27,0
2010-01-25 07:00,,-10.00,,0
2010-01-25 08:00,12.10,-10.00,18.52,0
2010-01-25 09:00,15.00,-9.90,92.60,0
2010-01-25 10:00,18.10,-10.50,95.17,0
2010-01-25 11:00,15.00,-10.70,105.46,0
2010-01-25 12:00,17.90,-11.30,115.24,0
2010-01-25 13:00,16.00,-11.10,115.24,0
2010-01-25 14:00,19.10,-11.10,112.66,0
2010-01-25 15:00,15.20,-11.00,115.24,0
2010-01-25 16:00,17.20,-11.00,111.12,0
2010-01-25 17:00,13.50,-11.30,108.03,0
2010-01-25 18:00,12.70,-11.50,111.63,0
2010-01-25 19:00,11.30,-11.20,105.98,0
2010-01-25 20:00,9.40,-11.20,117.29,0
2010-01-25 21:00,10.90,-11.30,116.78,0
2010-01-25 22:00,15.20,-11.70,123.47,0
2010-01-25 23:00,14.60,-11.70,129.64,0
2010-01-26 00:00,12.30,-11.40,119.35,0
2010-01-26 01:00,12.70,-10.70,120.89,0
2010-01-26 02:00,17.40,-11.70,117.81,0
2010-01-26 03:00,17.90,-12.20,119.87,0
2010-01-26 04:00,13.80,-12.00,111.63,0
2010-01-26 05:00,9.90,-11.60,113.69,0
2010-01-26 06:00,15.60,-11.10,114.72,0
2010-01-26 07:00,16.20,-11.20,122.95,0
2010-01-26 08:00,16.20,-11.40,117.81,0
2010-01-26 09:00,16.00,-11.40,115.24,0
2010-01-26 10:00,16.20,-11.70,119.87,0
2010-01-26 11:00,16.80,-11.90,116.78,0
2010-01-26 12:00,10.10,-11.90,121.41,0
2010-01-26 13:00,10.50,-11.80,120.38,0
2010-01-26 14:00,11.70,-11.80,123.47,0
2010-01-26 15:00,9.40,-11.40,116.26,0
2010-01-26 16:00,9.20,-10.70,120.89,0
2010-01-26 17:00,9.80,-10.60,121.92,0
2010-01-26 18:00,10.70,-10.40,114.72,0
2010-01-26 19:00,11.90,-10.10,114.21,0
2010-01-26 20:00,9.60,-9.70,114.21,0
2010-01-26 21:00,11.90,-9.60,116.78,0
2010-01-26 22:00,16.00,-9.80,113.18,0
2010-01-26 23:00,10.90,-9.70,114.72,0
2010-01-27 00:00,11.90,-9.80,111.63,0
2010-01-27 01:00,4.70,-9.80,122.44,0
2010-01-27 02:00,5.90,-9.80,124.50,0
2010-01-27 03:00,10.30,-9.80,119.35,0
2010-01-27 04:00,2.70,-9.70,122.95,0
2010-01-27 05:00,6.60,-10.00,1.54,0
2010-01-27 06:00,7.20,-10.30,4.12,0
2010-01-27 07:00,,-10.40,,0
2010-01-27 08:00,9.90,-10.50,123.47,0
2010-01-27 09:00,,-11.00,,0
2010-01-27 10:00,,-11.30,,0
2010-01-27 11:00,9.80,-11.20,118.32,0
2010-01-27 12:00,11.10,-11.00,119.35,0
2010-01-27 13:00,12.70,-11.00,113.69,0
2010-01-27 14:00,13.10,-10.90,114.72,0
2010-01-27 15:00,11.30,-11.00,111.63,0
2010-01-27 16:00,10.90,-10.80,117.29,0
2010-01-27 17:00,10.90,-10.80,113.69,0
2010-01-27 18:00,15.40,-11.30,113.18,0
2010-01-27 19:00,14.60,-11.50,116.78,0
2010-01-27 20:00,11.50,-11.90,115.24,0
2010-01-27 21:00,9.90,-11.90,116.26,0
2010-01-27 22:00,12.30,-12.30,115.24,0
2010-01-27 23:00,9.40,-12.30,116.26,0
2010-01-28 00:00,9.40,-12.20,116.78,0
2010-01-28 01:00,7.80,-12.20,116.26,0
2010-01-28 02:00,8.60,-12.10,118.84,0
2010-01-28 03:00,8.40,-11.90,116.78,0
2010-01-28 04:00,6.20,-11.80,119.87,0
2010-01-28 05:00,7.20,-11.60,114.21,0
2010-01-28 06:00,3.70,-11.70,138.90,0
2010-01-28 07:00,3.10,-11.70,170.80,0
2010-01-28 08:00,3.90,-11.60,159.48,0
2010-01-28 09:00,3.70,-11.30,163.59,0
2010-01-28 10:00,4.30,-11.20,136.84,0
2010-01-28 11:00,4.30,-10.60,130.15,0
2010-01-28 12:00,3.50,-9.70,129.13,0
2010-01-28 13:00,3.70,-9.10,120.38,0
2010-01-28 14:00,5.90,-9.00,126.04,0
2010-01-28 15:00,6.40,-8.30,123.98,0
2010-01-28 16:00,5.90,-7.50,115.24,0
2010-01-28 17:00,6.40,-8.30,115.75,0
2010-01-28 18:00,7.00,-8.10,115.24,0
2010-01-28 19:00,7.80,-8.20,114.21,0
2010-01-28 20:00,6.40,-8.20,112.66,0
2010-01-28 21:00,6.60,-8.50,115.75,0
2010-01-28 22:00,6.60,-8.70,117.81,0
2010-01-28 23:00,5.50,-8.90,109.06,0
2010-01-29 00:00,4.70,-9.00,117.81,0
2010-01-29 01:00,4.10,-9.10,115.75,0
2010-01-29 02:00,4.30,-9.10,115.24,0
2010-01-29 03:00,2.50,-9.10,115.24,0
2010-01-29 04:00,1.20,-9.30,79.74,0
2010-01-29 05:00,2.50,-9.20,114.72,0
2010-01-29 06:00,2.90,-9.30,107.00,0
2010-01-29 07:00,3.50,-9.60,111.63,0
2010-01-29 08:00,2.70,-9.40,104.43,0
2010-01-29 09:00,3.90,-9.20,112.15,0
2010-01-29 10:00,2.90,-9.20,109.58,0
2010-01-29 11:00,2.50,-9.00,105.98,0
2010-01-29 12:00,3.10,-9.30,104.95,0
2010-01-29 13:00,13.80,-9.10,99.29,0
2010-01-29 14:00,14.40,-9.50,107.00,0
2010-01-29 15:00,6.80,-9.60,106.49,0
2010-01-29 16:00,4.90,-9.20,109.06,0
2010-01-29 17:00,6.20,-8.90,97.74,0
2010-01-29 18:00,9.20,-9.10,115.75,0
2010-01-29 19:00,5.50,-9.10,121.41,0
2010-01-29 20:00,8.20,-9.30,115.24,0
2010-01-29 21:00,8.80,-9.50,111.63,0
2010-01-29 22:00,8.20,-9.80,117.29,0
2010-01-29 23:00,6.80,-10.20,119.87,0
2010-01-30 00:00,7.00,-10.30,109.06,0
2010-01-30 01:00,7.00,-10.10,140.44,0
2010-01-30 02:00,4.50,-10.50,123.47,0
2010-01-30 03:00,6.20,-10.50,124.50,0
2010-01-30 04:00,3.30,-10.90,119.87,0
2010-01-30 05:00,4.70,-11.10,120.89,0
2010-01-30 06:00,6.60,-11.20,137.36,0
2010-01-30 07:00,4.90,-11.20,110.09,0
2010-01-30 08:00,4.30,-11.10,115.75,0
2010-01-30 09:00,3.90,-10.90,123.98,0
2010-01-30 10:00,3.90,-10.80,120.38,0
2010-01-30 11:00,2.90,-10.80,120.89,0
2010-01-30 12:00,5.10,-10.40,110.09,0
2010-01-30 13:00,2.70,-10.10,116.78,0
2010-01-30 14:00,4.90,-10.40,112.15,0
2010-01-30 15:00,4.90,-10.00,111.12,0
2010-01-30 16:00,4.10,-9.70,116.26,0
2010-01-30 17:00,6.80,-9.60,107.52,0
2010-01-30 18:00,2.70,-10.40,109.58,0
2010-01-30 19:00,2.90,-10.50,117.29,0
2010-01-30 20:00,3.30,-10.30,116.78,0
2010-01-30 21:00,2.90,-10.40,109.06,0
2010-01-30 22:00,2.70,-10.60,112.15,0
2010-01-30 23:00,0.80,-10.70,110.61,0
2010-01-31 00:00,1.20,-11.10,93.11,0
2010-01-31 01:00,1.00,-11.50,136.84,0
2010-01-31 02:00,0.80,-11.80,13.89,0
2010-01-31 03:00,1.20,-12.20,75.62,0
2010-01-31 04:00,0.40,-11.90,42.18,0
2010-01-31 05:00,0.80,-12.20,19.55,0
2010-01-31 06:00,1.60,-12.00,94.14,0
2010-01-31 07:00,1.20,-12.00,38.58,0
2010-01-31 08:00,0.80,-11.90,61.73,0
2010-01-31 09:00,0.40,-11.70,87.97,0
2010-01-31 10:00,0.80,-3.10,9.26,0
2010-01-31 11:00,2.00,-11.00,167.19,0
2010-01-31 12:00,2.30,-11.10,183.14,0
2010-01-31 13:00,2.10,-10.50,18.52,0
2010-01-31 14:00,0.20,-4.30,92.60,0
2010-01-31 15:00,1.00,-7.10,10.29,0
2010-01-31 16:00,2.10,-7.60,51.96,0
2010-01-31 17:00,5.90,-10.70,15.95,0
2010-01-31 18:00,4.30,-10.30,28.81,0
2010-01-31 19:00,6.60,-10.30,5.14,0
2010-01-31 20:00,5.10,-10.40,16.46,0
2010-01-31 21:00,6.80,-10.70,7.20,0
2010-01-31 22:00,5.90,-11.10,14.92,0
2010-01-31 23:00,6.00,-10.90,13.89,0
2010-02-01 00:00,5.30,-11.80,9.26,0
2010-02-01 01:00,6.00,-10.90,33.44,0
2010-02-01 02:00,8.20,-11.20,6.69,0
2010-02-01 03:00,7.60,-10.80,12.35,0
2010-02-01 04:00,10.50,-10.90,6.69,0
2010-02-01 05:00,4.70,-11.30,30.35,0
2010-02-01 06:00,6.40,-11.10,11.83,0
2010-02-01 07:00,6.00,-11.00,11.32,0
2010-02-01 08:00,4.30,-10.60,38.58,0
2010-02-01 09:00,5.50,-10.10,32.92,0
2010-02-01 10:00,7.60,-10.60,19.55,0
2010-02-01 11:00,6.60,-10.80,13.89,0
2010-02-01 12:00,9.60,-10.20,69.96,0
2010-02-01 13:00,3.50,-9.90,38.07,0
2010-02-01 14:00,5.90,-9.40,32.92,0
2010-02-01 15:00,2.00,-8.90,23.66,0
2010-02-01 16:00,4.50,-9.50,55.05,0
2010-02-01 17:00,4.10,-9.00,67.39,0
2010-02-01 18:00,4.90,-8.80,84.88,0
2010-02-01 19:00,1.60,-8.60,60.19,0
2010-02-01 20:00,0.60,-6.10,114.21,0
2010-02-01 21:00,2.30,-7.50,107.52,0
2010-02-01 22:00,2.00,-9.60,116.78,0
2010-02-01 23:00,1.60,-10.70,93.11,0
2010-02-02 00:00,1.60,-10.60,132.21,0
2010-02-02 01:00,3.10,-11.20,107.52,0
2010-02-02 02:00,1.80,-11.60,104.95,0
2010-02-02 03:00,1.20,-12.40,108.55,0
2010-02-02 04:00,3.70,-12.90,12.35,0
2010-02-02 05:00,0.40,-13.20,90.03,0
2010-02-02 06:00,0.40,-13.10,7.72,0
2010-02-02 07:00,0.80,-13.10,29.32,0
2010-02-02 08:00,0.20,-13.50,42.18,0
2010-02-02 09:00,1.00,-12.80,20.58,0
2010-02-02 10:00,0.60,-12.30,63.28,0
2010-02-02 11:00,1.20,-12.80,35.50,0
2010-02-02 12:00,2.50,-11.10,104.95,0
2010-02-02 13:00,3.30,-11.50,105.98,0
2010-02-02 14:00,2.30,-10.10,103.40,0
2010-02-02 15:00,2.10,-9.80,110.61,0
2010-02-02 16:00,1.40,-7.90,23.66,0
2010-02-02 17:00,0.80,-8.40,19.03,0
2010-02-02 18:00,1.00,-8.20,25.72,0
2010-02-02 19:00,1.00,-10.90,22.64,0
2010-02-02 20:00,0.60,-11.90,168.74,0
2010-02-02 21:00,0.80,-12.30,16.46,0
2010-02-02 22:00,1.00,-12.60,44.76,0
2010-02-02 23:00,4.30,-13.50,16.98,0
2010-02-03 00:00,4.70,-13.90,13.38,0
2010-02-03 01:00,4.30,-13.90,25.72,0
2010-02-03 02:00,2.30,-13.90,148.16,0
2010-02-03 03:00,2.50,-13.90,2.06,0
2010-02-03 04:00,3.30,-15.20,26.24,0
2010-02-03 05:00,2.50,-14.50,108.55,0
2010-02-03 06:00,3.50,-14.80,133.24,0
2010-02-03 07:00,4.10,-14.20,70.99,0
2010-02-03 08:00,5.30,-14.20,119.87,0
2010-02-03 09:00,4.30,-13.70,131.70,0
2010-02-03 10:00,3.10,-13.70,95.17,0
2010-02-03 11:00,2.70,-14.10,82.83,0
2010-02-03 12:00,3.10,-13.50,74.59,0
2010-02-03 13:00,3.10,-12.50,94.66,0
2010-02-03 14:00,4.30,-11.00,139.93,0
2010-02-03 15:00,6.80,-9.90,147.65,0
2010-02-03 16:00,15.40,-9.50,137.87,0
2010-02-03 17:00,18.30,-9.70,137.87,0
2010-02-03 18:00,12.30,-9.80,109.06,0
2010-02-03 19:00,24.40,-10.60,143.02,0
2010-02-03 20:00,15.00,-10.30,136.84,0
2010-02-03 21:00,11.10,-8.60,130.15,0
2010-02-03 22:00,7.20,-8.70,108.03,0
2010-02-03 23:00,9.40,-8.90,115.24,0
2010-02-04 00:00,3.70,-9.30,168.22,0
2010-02-04 01:00,4.30,-9.20,9.26,0
2010-02-04 02:00,4.10,-8.70,184.17,0
2010-02-04 03:00,3.90,-9.70,171.82,0
2010-02-04 04:00,8.00,-9.70,7.20,0
2010-02-04 05:00,11.30,-9.90,12.86,0
2010-02-04 06:00,10.10,-9.60,5.66,0
2010-02-04 07:00,8.40,-10.40,172.34,0
2010-02-04 08:00,9.90,-10.70,169.77,0
2010-02-04 09:00,10.50,-7.30,151.76,0
2010-02-04 10:00,9.00,-9.00,168.74,0
2010-02-04 11:00,9.00,-7.90,3.09,0
2010-02-04 12:00,8.60,-6.70,8.75,0
2010-02-04 13:00,5.50,-5.60,14.40,0
2010-02-04 14:00,7.80,-5.50,5.14,0
2010-02-04 15:00,6.20,-5.70,184.17,0
2010-02-04 16:00,7.60,-4.80,3.09,0
2010-02-04 17:00,6.00,-5.30,11.32,0
2010-02-04 18:00,7.40,-5.30,22.12,0
2010-02-04 19:00,11.10,-5.20,17.49,0
2010-02-04 20:00,4.90,-5.00,2.06,0
2010-02-04 21:00,2.10,-5.90,60.70,0
2010-02-04 22:00,2.00,-6.60,13.89,0
2010-02-04 23:00,1.40,-8.00,61.73,0
2010-02-05 00:00,1.20,-8.00,14.92,0
2010-02-05 01:00,2.30,-8.90,111.12,0
2010-02-05 02:00,2.30,-9.20,75.11,0
2010-02-05 03:00,2.50,-9.90,140.96,0
2010-02-05 04:00,7.20,-10.60,150.73,0
2010-02-05 05:00,6.20,-11.50,145.59,0
2010-02-05 06:00,6.60,-12.20,148.67,0
2010-02-05 07:00,3.30,-11.70,153.82,0
2010-02-05 08:00,3.70,-11.70,19.03,0
2010-02-05 09:00,1.40,-11.70,38.58,0
2010-02-05 10:00,3.50,-13.80,175.94,0
2010-02-05 11:00,4.10,-12.50,27.78,0
2010-02-05 12:00,3.10,-12.90,31.90,0
2010-02-05 13:00,7.20,-13.90,32.92,0
2010-02-05 14:00,5.50,-13.20,19.03,0
2010-02-05 15:00,6.60,-12.50,31.38,0
2010-02-05 16:00,9.80,-11.90,33.95,0
2010-02-05 17:00,8.60,-11.70,36.01,0
2010-02-05 18:00,2.00,-11.40,68.94,0
2010-02-05 19:00,4.90,-11.30,37.04,0
2010-02-05 20:00,2.90,-11.00,31.38,0
2010-02-05 21:00,4.70,-11.60,36.01,0
2010-02-05 22:00,2.00,-12.00,62.25,0
2010-02-05 23:00,4.10,-12.50,55.05,0
2010-02-06 00:00,1.60,-12.40,43.21,0
2010-02-06 01:00,2.50,-12.70,42.18,0
2010-02-06 02:00,3.70,-13.10,22.64,0
2010-02-06 03:00,4.50,-12.80,38.07,0
2010-02-06 04:00,3.90,-12.80,23.15,0
2010-02-06 05:00,3.10,-13.60,21.61,0
2010-02-06 06:00,1.40,-14.10,27.27,0
2010-02-06 07:00,2.10,-13.20,27.27,0
2010-02-06 08:00,4.30,-13.10,19.03,0
2010-02-06 09:00,1.40,-12.60,25.72,0
2010-02-06 10:00,2.90,-12.40,19.55,0
2010-02-06 11:00,3.90,-12.10,30.87,0
2010-02-06 12:00,6.60,-12.00,23.66,0
2010-02-06 13:00,6.60,-11.40,33.95,0
2010-02-06 14:00,8.00,-11.80,32.92,0
2010-02-06 15:00,8.00,-11.60,39.61,0
2010-02-06 16:00,5.70,-10.90,29.32,0
2010-02-06 17:00,5.10,-11.10,23.66,0
2010-02-06 18:00,3.50,-11.30,62.25,0
2010-02-06 19:00,2.50,-11.50,45.27,0
2010-02-06 20:00,4.30,-10.60,27.78,0
2010-02-06 21:00,3.70,-12.50,28.29,0
2010-02-06 22:00,3.30,-12.50,30.87,0
2010-02-06 23:00,2.90,-12.60,59.68,0
2010-02-07 00:00,2.10,-12.70,182.63,0
2010-02-07 01:00,1.40,-12.50,33.95,0
2010-02-07 02:00,3.50,-12.60,27.78,0
2010-02-07 03:00,10.90,-12.50,150.73,0
2010-02-07 04:00,15.40,-12.10,143.02,0
2010-02-07 05:00,22.20,-11.00,137.87,0
2010-02-07 06:00,20.30,-11.70,132.73,0
2010-02-07 07:00,23.20,-12.30,144.04,0
2010-02-07 08:00,21.80,-11.60,141.47,0
2010-02-07 09:00,21.50,-11.30,141.47,0
2010-02-07 10:00,23.80,-11.00,141.99,0
2010-02-07 11:00,21.50,-10.90,139.93,0
2010-02-07 12:00,18.50,-11.50,136.84,0
2010-02-07 13:00,19.50,-10.90,131.70,0
2010-02-07 14:00,18.90,-10.50,129.13,0
2010-02-07 15:00,17.70,-9.80,120.38,0
2010-02-07 16:00,15.00,-9.60,107.00,0
2010-02-07 17:00,14.20,-9.50,120.89,0
2010-02-07 18:00,17.70,-9.30,124.50,0
2010-02-07 19:00,14.20,-8.80,117.29,0
2010-02-07 20:00,6.00,-9.10,111.12,0
2010-02-07 21:00,8.00,-9.20,115.24,0
2010-02-07 22:00,9.90,-9.70,127.07,0
2010-02-07 23:00,10.10,-10.00,127.58,0
2010-02-08 00:00,12.70,-9.70,139.93,0
2010-02-08 01:00,16.40,-10.60,145.07,0
2010-02-08 02:00,19.10,-11.40,148.67,0
2010-02-08 03:00,20.50,-11.70,148.67,0
2010-02-08 04:00,23.80,-12.40,144.56,0
2010-02-08 05:00,25.40,-12.90,149.70,0
2010-02-08 06:00,27.50,-13.90,147.13,0
2010-02-08 07:00,26.30,-12.90,146.62,0
2010-02-08 08:00,22.00,-12.90,148.16,0
2010-02-08 09:00,19.70,-13.80,151.25,0
2010-02-08 10:00,18.30,-12.90,150.73,0
2010-02-08 11:00,15.40,-12.00,150.73,0
2010-02-08 12:00,11.90,-10.70,156.91,0
2010-02-08 13:00,8.20,-10.10,170.28,0
2010-02-08 14:00,5.30,-10.60,171.31,0
2010-02-08 15:00,7.80,-9.50,164.11,0
2010-02-08 16:00,4.30,-8.90,5.14,0
2010-02-08 17:00,2.00,-8.20,59.16,0
2010-02-08 18:00,7.00,-9.00,26.24,0
2010-02-08 19:00,8.80,-9.70,22.12,0
2010-02-08 20:00,9.40,-9.70,19.03,0
2010-02-08 21:00,9.80,-10.60,19.55,0
2010-02-08 22:00,8.40,-10.80,18.52,0
2010-02-08 23:00,5.30,-11.40,20.06,0
2010-02-09 00:00,7.80,-11.20,21.61,0
2010-02-09 01:00,8.40,-11.60,21.09,0
2010-02-09 02:00,7.20,-12.00,18.52,0
2010-02-09 03:00,2.10,-12.50,11.32,0
2010-02-09 04:00,2.50,-12.70,76.14,0
2010-02-09 05:00,3.70,-13.40,56.07,0
2010-02-09 06:00,3.10,-14.80,10.29,0
2010-02-09 07:00,5.10,-16.20,183.66,0
2010-02-09 08:00,5.50,-17.10,181.08,0
2010-02-09 09:00,5.30,-17.00,24.69,0
2010-02-09 10:00,8.60,-16.70,17.49,0
2010-02-09 11:00,7.80,-16.60,23.66,0
2010-02-09 12:00,10.30,-16.50,26.24,0
2010-02-09 13:00,9.60,-16.50,23.66,0
2010-02-09 14:00,11.90,-16.50,21.09,0
2010-02-09 15:00,9.40,-16.20,23.66,0
2010-02-09 16:00,9.40,-16.10,25.72,0
2010-02-09 17:00,9.80,-16.00,34.98,0
2010-02-09 18:00,8.20,-15.70,28.29,0
2010-02-09 19:00,5.50,-15.40,39.10,0
2010-02-09 20:00,3.90,-15.20,70.48,0
2010-02-09 21:00,4.30,-14.80,49.39,0
2010-02-09 22:00,3.70,-14.20,49.90,0
2010-02-09 23:00,5.70,-14.20,53.50,0
2010-02-10 00:00,7.40,-14.20,28.81,0
2010-02-10 01:00,4.70,-14.40,42.18,0
2010-02-10 02:00,3.50,-14.70,91.57,0
2010-02-10 03:00,8.00,-14.40,184.69,0
2010-02-10 04:00,10.30,-14.40,112.66,0
2010-02-10 05:00,12.10,-14.60,9.26,0
2010-02-10 06:00,1.40,-14.60,3.09,0
2010-02-10 07:00,1.80,-14.70,5.66,0
2010-02-10 08:00,1.60,-14.20,30.87,0
2010-02-10 09:00,1.60,-14.00,39.61,0
2010-02-10 10:00,6.00,-14.10,39.10,0
2010-02-10 11:00,4.70,-14.10,34.47,0
2010-02-10 12:00,6.20,-13.90,39.10,0
2010-02-10 13:00,,-13.60,,0
2010-02-10 14:00,,-13.80,,0
2010-02-10 15:00,,-13.80,,0
2010-02-10 16:00,,-13.90,,0
2010-02-10 17:00,24.60,-14.10,41.67,0
2010-02-10 18:00,8.40,-13.60,169.25,0
2010-02-10 19:00,,-14.90,,0
2010-02-10 20:00,,-14.60,,0
2010-02-10 21:00,,-14.80,,0
2010-02-10 22:00,,-15.10,,0
2010-02-10 23:00,,-15.70,,0
2010-02-11 00:00,,-14.80,,0
2010-02-11 01:00,,-14.40,,0
2010-02-11 02:00,,-14.90,,0
2010-02-11 03:00,,-15.10,,0
2010-02-11 04:00,,-15.90,,0
2010-02-11 05:00,,-15.90,,0
2010-02-11 06:00,,-15.80,,0
2010-02-11 07:00,,-15.30,,0
2010-02-11 08:00,,-14.60,,0
2010-02-11 09:00,,-14.20,,0
2010-02-11 10:00,,-13.70,,0
2010-02-11 11:00,,-13.20,,0
2010-02-11 12:00,,-12.50,,0
2010-02-11 13:00,,-13.10,,0
2010-02-11 14:00,,-12.80,,0
2010-02-11 15:00,,-12.30,,0
2010-02-11 16:00,,-12.30,,0
2010-02-11 17:00,,-12.00,,0
2010-02-11 18:00,,-12.00,,0
2010-02-11 19:00,,-11.60,,0
2010-02-11 20:00,,-11.20,,0
2010-02-11 21:00,,-10.70,,0
2010-02-11 22:00,,-10.10,,0
2010-02-11 23:00,,-10.00,,0
2010-02-12 00:00,,-9.90,,0
2010-02-12 01:00,,-10.60,,0
2010-02-12 02:00,,-10.90,,0
2010-02-12 03:00,,-10.40,,0
2010-02-12 04:00,,-10.00,,0
2010-02-12 05:00,,-10.00,,0
2010-02-12 06:00,,-10.30,,0
2010-02-12 07:00,,-9.20,,0
2010-02-12 08:00,26.10,-6.20,145.59,0
2010-02-12 09:00,17.60,-6.30,2.06,0
2010-02-12 10:00,13.70,-3.70,168.74,0
2010-02-12 11:00,13.50,-2.80,152.79,0
2010-02-12 12:00,1.60,-3.50,9.77,0
2010-02-12 13:00,1.60,-2.80,38.07,0
2010-02-12 14:00,5.10,-2.20,112.15,0
2010-02-12 15:00,4.90,-4.10,127.58,0
2010-02-12 16:00,1.20,-3.50,61.73,0
2010-02-12 17:00,2.90,-4.70,143.02,0
2010-02-12 18:00,7.80,-2.50,140.96,0
2010-02-12 19:00,2.30,-2.10,128.10,0
2010-02-12 20:00,8.80,-2.80,122.95,0
2010-02-12 21:00,11.10,-2.40,136.84,0
2010-02-12 22:00,11.90,-2.20,127.07,0
2010-02-12 23:00,15.60,-2.80,145.07,0
2010-02-13 00:00,17.20,-2.80,147.65,0
2010-02-13 01:00,17.90,-2.90,145.07,0
2010-02-13 02:00,8.40,-2.40,131.70,0
2010-02-13 03:00,19.10,-2.30,154.85,0
2010-02-13 04:00,17.90,-2.80,151.25,0
2010-02-13 05:00,20.90,-3.50,148.67,0
2010-02-13 06:00,24.40,-3.70,146.62,0
2010-02-13 07:00,25.40,-3.90,144.56,0
2010-02-13 08:00,17.20,-4.20,136.84,0
2010-02-13 09:00,24.40,-4.70,139.41,0
2010-02-13 10:00,23.00,-4.90,139.93,0
2010-02-13 11:00,20.70,-5.40,141.99,0
2010-02-13 12:00,25.20,-8.70,139.93,0
2010-02-13 13:00,27.30,-8.80,143.53,0
2010-02-13 14:00,33.00,-9.80,139.41,0
2010-02-13 15:00,34.90,-10.20,144.56,0
2010-02-13 16:00,23.80,-10.00,140.44,0
2010-02-13 17:00,21.80,-10.30,123.47,0
2010-02-13 18:00,40.00,-10.30,131.18,0
2010-02-13 22:00,22.40,-9.40,126.55,0
2010-02-13 23:00,19.50,-8.80,131.70,0
2010-02-14 00:00,36.30,-8.50,136.33,0
2010-02-14 15:00,48.60,-7.90,137.36,0
2010-02-14 16:00,50.10,-7.80,142.50,0
2010-02-15 03:00,41.50,-7.10,138.39,0
2010-02-15 05:00,43.50,-7.00,140.44,0
2010-02-15 06:00,42.10,-7.20,144.04,0
2010-02-15 07:00,44.70,-7.20,141.99,0
2010-02-15 08:00,41.10,-7.60,142.50,0
2010-02-15 09:00,46.80,-7.40,143.02,0
2010-02-15 10:00,40.00,-7.20,143.53,0
2010-02-15 11:00,39.80,-6.60,141.47,0
2010-02-15 12:00,26.30,-6.60,141.47,0
2010-02-15 13:00,30.60,-6.20,142.50,0
2010-02-15 14:00,23.60,-6.00,144.04,0
2010-02-15 15:00,24.80,-5.50,139.93,0
2010-02-15 16:00,22.20,-4.50,141.47,0
2010-02-15 17:00,11.10,-4.70,115.75,0
2010-02-15 18:00,4.90,-6.10,117.29,0
2010-02-15 19:00,3.30,-5.60,19.03,0
2010-02-15 20:00,1.60,-5.50,125.52,0
2010-02-15 21:00,9.00,-4.60,114.72,0
2010-02-15 22:00,18.30,-4.20,138.39,0
2010-02-15 23:00,28.70,-4.00,134.78,0
2010-02-16 00:00,24.00,-4.30,132.21,0
2010-02-16 01:00,22.60,-4.40,135.30,0
2010-02-16 02:00,19.50,-4.40,133.76,0
2010-02-16 03:00,32.00,-4.90,139.41,0
2010-02-16 04:00,35.70,-5.10,145.07,0
2010-02-16 05:00,32.80,-5.20,144.56,0
2010-02-16 06:00,32.00,-5.20,144.56,0
2010-02-16 07:00,29.10,-5.70,145.07,0
2010-02-16 08:00,33.30,-5.40,145.59,0
2010-02-16 09:00,32.20,-5.40,147.65,0
2010-02-16 10:00,30.20,-5.00,143.53,0
2010-02-16 11:00,27.30,-5.30,147.65,0
2010-02-16 12:00,25.50,-5.00,146.10,0
2010-02-16 13:00,24.00,-5.10,148.16,0
2010-02-16 14:00,24.40,-5.20,141.47,0
2010-02-16 15:00,19.30,-5.30,132.21,0
2010-02-16 16:00,9.80,-5.00,132.21,0
2010-02-16 17:00,17.70,-5.00,120.38,0
2010-02-16 18:00,13.80,-5.50,120.89,0
2010-02-16 19:00,24.80,-5.80,133.76,0
2010-02-16 20:00,21.60,-5.80,134.27,0
2010-02-16 21:00,15.40,-5.70,107.52,0
2010-02-16 22:00,3.10,-6.20,94.14,0
2010-02-16 23:00,6.60,-6.00,140.44,0
2010-02-17 00:00,11.70,-6.30,136.84,0
2010-02-17 01:00,10.70,-6.80,135.81,0
2010-02-17 02:00,9.80,-7.20,149.19,0
2010-02-17 03:00,11.90,-7.90,142.50,0
2010-02-17 04:00,15.20,-8.10,140.96,0
2010-02-17 05:00,17.40,-9.50,145.07,0
2010-02-17 06:00,19.10,-9.40,135.81,0
2010-02-17 07:00,19.10,-10.50,141.47,0
2010-02-17 08:00,19.30,-10.80,146.10,0
2010-02-17 09:00,17.60,-9.80,138.39,0
2010-02-17 10:00,14.20,-9.30,132.21,0
2010-02-17 11:00,12.50,-9.10,139.41,0
2010-02-17 12:00,12.90,-8.80,139.41,0
2010-02-17 13:00,0.80,-8.30,131.70,0
2010-02-17 14:00,10.50,-7.80,143.02,0
2010-02-17 15:00,10.70,-7.40,133.76,0
2010-02-17 16:00,12.30,-7.40,150.22,0
2010-02-17 17:00,10.90,-7.20,149.19,0
2010-02-17 18:00,10.70,-6.50,133.24,0
2010-02-17 19:00,11.90,-7.10,111.63,0
2010-02-17 20:00,18.50,-8.00,127.58,0
2010-02-17 21:00,20.10,-7.80,129.13,0
2010-02-17 22:00,36.10,-8.80,133.24,0
2010-02-17 23:00,30.40,-9.40,141.99,0
2010-02-18 00:00,37.80,-10.30,140.96,0
2010-02-18 01:00,35.10,-11.70,144.04,0
2010-02-18 02:00,43.10,-11.20,145.07,0
2010-02-18 03:00,41.50,-11.00,145.07,0
2010-02-18 04:00,38.40,-10.60,144.56,0
2010-02-18 05:00,32.40,-10.10,141.47,0
2010-02-18 06:00,31.80,-9.90,140.96,0
2010-02-18 07:00,39.40,-10.20,140.44,0
2010-02-18 08:00,38.40,-12.00,136.33,0
2010-02-18 09:00,29.10,-12.10,132.73,0
2010-02-18 10:00,32.80,-12.20,137.87,0
2010-02-18 11:00,9.80,-13.10,105.98,0
2010-02-18 12:00,9.90,-15.50,113.18,0
2010-02-18 13:00,18.90,-16.20,118.32,0
2010-02-18 14:00,18.30,-18.40,112.66,0
2010-02-18 15:00,25.70,-18.10,114.72,0
2010-02-18 16:00,22.80,-18.80,117.81,0
2010-02-18 17:00,26.90,-19.00,117.29,0
2010-02-18 18:00,20.50,-18.70,114.72,0
2010-02-18 19:00,11.50,-18.70,118.32,0
2010-02-18 20:00,3.10,-18.50,141.99,0
2010-02-18 21:00,2.00,-18.50,139.41,0
2010-02-18 22:00,9.60,-19.40,127.58,0
2010-02-18 23:00,15.80,-19.50,138.90,0
2010-02-19 00:00,17.40,-20.80,143.53,0
2010-02-19 01:00,24.60,-20.60,140.44,0
2010-02-19 02:00,28.70,-21.80,139.93,0
2010-02-19 03:00,28.10,-22.10,138.90,0
2010-02-19 04:00,27.50,-22.50,141.47,0
2010-02-19 05:00,28.70,-22.70,138.39,0
2010-02-19 06:00,27.70,-22.70,138.90,0
2010-02-19 07:00,26.50,-22.80,138.39,0
2010-02-19 08:00,28.50,-23.60,140.96,0
2010-02-19 09:00,27.30,-23.40,140.96,0
2010-02-19 10:00,27.50,-24.00,147.65,0
2010-02-19 11:00,24.40,-24.20,144.56,0
2010-02-19 12:00,28.50,-23.20,143.53,0
2010-02-19 13:00,25.90,-23.20,143.53,0
2010-02-19 14:00,32.60,-22.90,140.44,0
2010-02-19 15:00,30.80,-21.80,140.44,0
2010-02-19 16:00,27.30,-21.70,135.81,0
2010-02-19 17:00,29.80,-21.00,138.39,0
2010-02-19 18:00,33.30,-20.70,134.78,0
2010-02-19 19:00,28.30,-20.30,137.36,0
2010-02-19 20:00,34.50,-21.20,134.27,0
2010-02-19 21:00,33.30,-21.50,134.78,0
2010-02-19 22:00,36.70,-21.90,136.84,0
2010-02-19 23:00,33.90,-22.10,135.30,0
2010-02-20 05:00,36.30,-22.10,134.27,0
2010-02-20 06:00,36.70,-22.50,136.84,0
2010-02-20 07:00,36.50,-22.90,135.81,0
2010-02-20 08:00,39.20,-22.90,136.84,0
2010-02-20 09:00,38.00,-22.60,135.81,0
2010-02-20 10:00,39.20,-21.90,135.30,0
2010-02-20 11:00,34.90,-22.10,133.24,0
2010-02-20 12:00,35.10,-21.20,133.24,0
2010-02-20 13:00,23.00,-20.40,141.99,0
2010-02-20 14:00,20.90,-20.80,135.30,0
2010-02-20 15:00,20.10,-19.70,139.41,0
2010-02-20 16:00,17.90,-18.90,144.56,0
2010-02-20 17:00,12.50,-17.70,140.44,0
2010-02-20 18:00,12.50,-17.30,145.59,0
2010-02-20 19:00,8.60,-15.50,163.59,0
2010-02-20 20:00,10.90,-14.70,152.79,0
2010-02-20 21:00,5.70,-13.80,171.82,0
2010-02-20 22:00,9.40,-14.40,164.11,0
2010-02-20 23:00,2.00,-13.50,100.32,0
2010-02-21 00:00,12.70,-12.40,140.44,0
2010-02-21 01:00,20.90,-11.90,140.96,0
2010-02-21 02:00,19.10,-10.90,138.39,0
2010-02-21 03:00,20.10,-11.60,146.62,0
2010-02-21 04:00,22.40,-11.40,139.41,0
2010-02-21 05:00,23.80,-12.10,142.50,0
2010-02-21 06:00,25.50,-12.30,145.07,0
2010-02-21 07:00,22.40,-11.90,140.44,0
2010-02-21 08:00,19.70,-12.00,146.62,0
2010-02-21 09:00,20.50,-11.20,143.53,0
2010-02-21 10:00,19.90,-10.90,137.36,0
2010-02-21 11:00,17.90,-10.10,134.27,0
2010-02-21 12:00,14.60,-10.60,138.90,0
2010-02-21 13:00,7.20,-9.90,122.95,0
2010-02-21 14:00,2.70,-9.80,125.01,0
2010-02-21 15:00,4.10,-8.90,163.59,0
2010-02-21 16:00,2.00,-8.70,39.10,0
2010-02-21 17:00,4.10,-9.30,15.43,0
2010-02-21 18:00,3.30,-8.90,36.01,0
2010-02-21 19:00,3.30,-9.50,25.21,0
2010-02-21 20:00,3.10,-9.40,26.75,0
2010-02-21 21:00,1.60,-9.10,103.92,0
2010-02-21 22:00,3.30,-9.30,131.70,0
2010-02-21 23:00,2.90,-8.70,119.87,0
2010-02-22 00:00,4.30,-9.10,138.90,0
2010-02-22 01:00,5.30,-8.90,152.28,0
2010-02-22 02:00,3.30,-7.90,130.15,0
2010-02-22 03:00,5.90,-7.60,136.84,0
2010-02-22 04:00,3.30,-8.50,141.99,0
2010-02-22 05:00,8.80,-10.40,131.70,0
2010-02-22 06:00,9.20,-9.70,131.70,0
2010-02-22 07:00,9.60,-9.00,128.61,0
2010-02-22 08:00,7.40,-9.30,132.21,0
2010-02-22 09:00,5.90,-9.90,135.30,0
2010-02-22 10:00,7.20,-10.10,138.39,0
2010-02-22 11:00,9.20,-10.00,134.78,0
2010-02-22 12:00,13.10,-9.40,133.24,0
2010-02-22 13:00,16.80,-9.20,138.90,0
2010-02-22 14:00,15.40,-9.90,140.44,0
2010-02-22 15:00,12.10,-8.80,140.96,0
2010-02-22 16:00,15.00,-8.80,141.47,0
2010-02-22 17:00,15.40,-9.00,141.47,0
2010-02-22 18:00,11.90,-8.70,139.93,0
2010-02-22 19:00,15.80,-8.00,138.39,0
2010-02-22 20:00,13.10,-8.00,138.90,0
2010-02-22 21:00,10.30,-7.50,135.30,0
2010-02-22 22:00,12.10,-7.50,138.39,0
2010-02-22 23:00,14.00,-7.10,137.87,0
2010-02-23 00:00,15.00,-7.40,138.90,0
2010-02-23 01:00,17.00,-7.80,138.39,0
2010-02-23 02:00,14.20,-7.10,139.93,0
2010-02-23 03:00,12.50,-7.10,139.93,0
2010-02-23 04:00,15.80,-7.60,141.47,0
2010-02-23 05:00,16.00,-7.60,136.33,0
2010-02-23 06:00,15.20,-7.30,120.89,0
2010-02-23 07:00,15.00,-7.30,135.30,0
2010-02-23 08:00,12.70,-7.10,136.33,0
2010-02-23 09:00,13.30,-7.00,137.87,0
2010-02-23 10:00,2.00,-7.80,120.89,0
2010-02-23 11:00,2.30,-7.60,100.32,0
2010-02-23 12:00,3.10,-8.00,178.51,0
2010-02-23 13:00,2.50,-7.60,166.68,0
2010-02-23 14:00,6.20,-7.50,156.91,0
2010-02-23 15:00,6.00,-7.60,153.82,0
2010-02-23 16:00,4.90,-6.60,146.10,0
2010-02-23 17:00,4.90,-6.50,127.58,0
2010-02-23 18:00,6.80,-6.40,128.61,0
2010-02-23 19:00,5.10,-6.70,130.15,0
2010-02-23 20:00,5.50,-6.90,106.49,0
2010-02-23 21:00,3.30,-6.90,103.92,0
2010-02-23 22:00,3.10,-7.40,125.01,0
2010-02-23 23:00,6.20,-7.30,138.39,0
2010-02-24 00:00,16.60,-6.90,133.24,0
2010-02-24 01:00,18.30,-6.90,128.61,0
2010-02-24 02:00,17.20,-7.50,128.10,0
2010-02-24 03:00,10.50,-7.70,125.52,0
2010-02-24 04:00,9.90,-8.10,125.01,0
2010-02-24 05:00,11.50,-8.50,134.27,0
2010-02-24 06:00,16.60,-9.50,135.30,0
2010-02-24 07:00,13.70,-8.80,131.70,0
2010-02-24 08:00,14.00,-9.00,137.87,0
2010-02-24 09:00,18.10,-9.20,133.24,0
2010-02-24 10:00,14.40,-9.30,135.30,0
2010-02-24 11:00,10.10,-9.00,127.07,0
2010-02-24 12:00,7.80,-9.40,113.18,0
2010-02-24 13:00,8.20,-9.20,118.84,0
2010-02-24 14:00,7.80,-9.90,116.78,0
2010-02-24 15:00,10.30,-10.40,114.21,0
2010-02-24 16:00,9.40,-10.80,117.29,0
2010-02-24 17:00,6.20,-11.10,119.35,0
2010-02-24 18:00,6.60,-11.00,120.38,0
2010-02-24 19:00,9.40,-11.70,107.52,0
2010-02-24 20:00,6.00,-11.70,115.75,0
2010-02-24 21:00,8.60,-12.30,115.24,0
2010-02-24 22:00,10.10,-11.90,114.21,0
2010-02-24 23:00,5.70,-12.50,114.72,0
2010-02-25 00:00,9.20,-11.90,122.95,0
2010-02-25 01:00,5.30,-12.00,115.75,0
2010-02-25 02:00,9.80,-12.10,128.10,0
2010-02-25 03:00,8.00,-12.40,127.58,0
2010-02-25 04:00,19.90,-11.80,133.24,0
2010-02-25 05:00,20.50,-12.50,136.33,0
2010-02-25 06:00,24.40,-13.60,138.39,0
2010-02-25 07:00,22.80,-13.50,138.90,0
2010-02-25 08:00,27.90,-13.60,137.36,0
2010-02-25 09:00,32.20,-13.70,136.84,0
2010-02-25 10:00,31.60,-14.40,139.41,0
2010-02-25 11:00,31.60,-15.10,137.36,0
2010-02-25 12:00,35.50,-15.00,136.33,0
2010-02-25 13:00,32.20,-15.10,139.93,0
2010-02-25 14:00,31.00,-15.00,138.90,0
2010-02-25 15:00,27.70,-15.00,135.81,0
2010-02-25 16:00,31.60,-15.50,139.93,0
2010-02-25 17:00,28.50,-14.40,136.84,0
2010-02-25 18:00,28.90,-13.60,136.84,0
2010-02-25 19:00,32.00,-12.70,138.39,0
2010-02-25 20:00,24.60,-13.50,137.87,0
2010-02-25 21:00,25.20,-13.00,135.81,0
2010-02-25 22:00,25.20,-13.60,143.02,0
2010-02-25 23:00,30.20,-13.50,137.87,0
2010-02-26 00:00,27.70,-14.00,138.39,0
2010-02-26 01:00,28.70,-15.50,136.84,0
2010-02-26 02:00,28.50,-16.10,136.33,0
2010-02-26 03:00,25.40,-15.40,139.93,0
2010-02-26 04:00,22.40,-13.40,139.93,0
2010-02-26 05:00,20.50,-13.00,136.33,0
2010-02-26 06:00,22.60,-12.50,134.78,0
2010-02-26 07:00,20.70,-12.40,136.33,0
2010-02-26 08:00,19.30,-12.40,132.21,0
2010-02-26 09:00,14.00,-12.80,144.04,0
2010-02-26 10:00,12.30,-12.70,129.64,0
2010-02-26 11:00,4.50,-12.90,122.95,0
2010-02-26 12:00,14.20,-12.60,133.24,0
2010-02-26 13:00,19.90,-13.60,133.76,0
2010-02-26 14:00,20.70,-13.20,136.33,0
2010-02-26 15:00,22.60,-12.90,137.87,0
2010-02-26 16:00,23.00,-12.80,136.33,0
2010-02-26 17:00,23.20,-12.70,139.41,0
2010-02-26 18:00,21.80,-12.80,139.41,0
2010-02-26 19:00,20.90,-12.90,138.39,0
2010-02-26 20:00,18.90,-13.30,133.76,0
2010-02-26 21:00,18.30,-13.70,138.90,0
2010-02-26 22:00,18.90,-14.30,139.41,0
2010-02-26 23:00,22.00,-14.90,139.41,0
2010-02-27 00:00,26.30,-15.70,141.99,0
2010-02-27 01:00,20.90,-16.90,144.04,0
2010-02-27 02:00,18.30,-17.40,147.65,0
2010-02-27 03:00,21.30,-17.40,147.65,0
2010-02-27 04:00,17.60,-18.60,146.62,0
2010-02-27 05:00,12.90,-17.50,144.04,0
2010-02-27 06:00,11.10,-16.70,141.99,0
2010-02-27 07:00,8.20,-16.40,153.82,0
2010-02-27 08:00,8.00,-17.80,154.85,0
2010-02-27 09:00,7.60,-20.40,162.56,0
2010-02-27 10:00,11.70,-17.60,11.83,0
2010-02-27 11:00,10.10,-17.60,12.35,0
2010-02-27 12:00,4.70,-18.30,8.75,0
2010-02-27 13:00,3.50,-17.30,157.93,0
2010-02-27 14:00,2.90,-16.90,156.39,0
2010-02-27 15:00,0.60,-17.50,65.33,0
2010-02-27 16:00,3.70,-20.00,143.53,0
2010-02-27 17:00,1.80,-19.70,105.98,0
2010-02-27 18:00,2.70,-20.10,21.61,0
2010-02-27 19:00,6.00,-20.30,105.98,0
2010-02-27 20:00,2.10,-20.40,64.31,0
2010-02-27 21:00,1.60,-20.30,59.16,0
2010-02-27 22:00,2.70,-20.10,181.08,0
2010-02-27 23:00,3.30,-21.40,47.84,0
2010-02-28 00:00,2.10,-22.60,50.93,0
2010-02-28 01:00,1.60,-22.60,59.16,0
2010-02-28 02:00,2.90,-22.30,151.25,0
2010-02-28 03:00,1.60,-22.80,92.09,0
2010-02-28 04:00,2.10,-23.50,116.78,0
2010-02-28 05:00,2.90,-23.90,103.92,0
2010-02-28 06:00,2.70,-24.00,109.58,0
2010-02-28 07:00,5.30,-24.10,142.50,0
2010-02-28 08:00,4.50,-24.50,152.79,0
2010-02-28 09:00,3.70,-24.40,140.96,0
2010-02-28 10:00,2.10,-23.70,151.76,0
2010-02-28 11:00,3.90,-23.70,144.04,0
2010-02-28 12:00,2.10,-23.20,131.70,0
2010-02-28 13:00,1.80,-23.10,122.44,0
2010-02-28 14:00,2.70,-22.70,102.89,0
2010-02-28 15:00,1.40,-22.00,47.84,0
2010-02-28 16:00,4.10,-22.30,29.84,0
2010-02-28 17:00,4.10,-22.00,25.72,0
2010-02-28 18:00,4.90,-21.80,20.06,0
2010-02-28 19:00,2.30,-22.40,34.98,0
2010-02-28 20:00,2.10,-22.00,38.58,0
2010-02-28 21:00,4.30,-22.10,133.24,0
2010-02-28 22:00,9.00,-23.00,116.78,0
2010-02-28 23:00,9.90,-23.30,119.35,0
2010-03-01 00:00,10.90,-23.80,133.24,0
2010-03-01 01:00,22.40,-27.40,137.87,0
2010-03-01 02:00,27.50,-29.00,139.93,0
2010-03-01 03:00,33.30,-30.00,139.41,0
2010-03-01 04:00,34.50,-29.80,135.81,0
2010-03-01 05:00,32.60,-30.50,138.90,0
2010-03-01 06:00,27.30,-28.40,142.50,0
2010-03-01 07:00,34.90,-27.70,143.53,0
2010-03-01 08:00,31.80,-27.00,140.44,0
2010-03-01 09:00,30.40,-26.40,139.41,0
2010-03-01 10:00,29.40,-26.20,136.84,0
2010-03-01 11:00,28.90,-24.60,137.36,0
2010-03-01 12:00,31.80,-24.70,136.84,0
2010-03-01 13:00,29.30,-25.10,137.87,0
2010-03-01 14:00,31.60,-25.60,137.36,0
2010-03-01 15:00,34.90,-24.50,134.27,0
2010-03-02 00:00,34.70,-22.90,134.78,0
2010-03-02 07:00,34.30,-21.90,136.84,0
2010-03-02 08:00,33.30,-22.80,140.96,0
2010-03-02 09:00,34.50,-22.10,142.50,0
2010-03-02 10:00,25.50,-18.30,123.98,0
2010-03-02 11:00,24.60,-19.30,123.47,0
2010-03-02 12:00,20.50,-17.10,110.09,0
2010-03-02 15:00,28.70,-12.80,141.47,0
2010-03-02 16:00,36.30,-12.60,137.87,0
2010-03-02 17:00,31.60,-12.20,134.78,0
2010-03-02 18:00,15.20,-11.90,115.24,0
2010-03-02 19:00,33.30,-11.00,138.90,0
2010-03-02 20:00,39.80,-10.50,137.87,0
2010-03-02 21:00,31.40,-11.20,143.02,0
2010-03-02 22:00,31.20,-11.00,140.44,0
2010-03-02 23:00,32.80,-12.00,140.44,0
2010-03-03 00:00,31.20,-12.00,143.02,0
2010-03-03 01:00,27.30,-12.40,146.62,0
2010-03-03 02:00,25.70,-13.30,145.07,0
2010-03-03 03:00,26.50,-13.20,145.07,0
2010-03-03 04:00,26.30,-13.40,144.56,0
2010-03-03 05:00,14.80,-12.50,141.47,0
2010-03-03 06:00,7.80,-13.20,149.19,0
2010-03-03 07:00,7.40,-14.20,171.82,0
2010-03-03 08:00,7.40,-14.20,3.60,0
2010-03-03 09:00,14.80,-14.90,17.49,0
2010-03-03 10:00,10.70,-15.60,15.43,0
2010-03-03 11:00,10.50,-15.80,19.03,0
2010-03-03 12:00,7.00,-17.20,11.83,0
2010-03-03 13:00,12.10,-16.20,16.46,0
2010-03-03 14:00,12.70,-16.60,19.03,0
2010-03-03 15:00,5.90,-17.80,55.56,0
2010-03-03 16:00,10.10,-18.10,31.38,0
2010-03-03 17:00,8.20,-18.50,32.92,0
2010-03-03 18:00,9.40,-19.40,39.61,0
2010-03-03 19:00,5.70,-20.10,31.90,0
2010-03-03 20:00,6.20,-20.90,24.18,0
2010-03-03 21:00,5.50,-21.40,20.58,0
2010-03-03 22:00,5.10,-21.30,25.72,0
2010-03-03 23:00,8.40,-22.50,23.66,0
2010-03-04 00:00,7.60,-22.90,27.78,0
2010-03-04 01:00,6.20,-23.30,29.84,0
2010-03-04 02:00,6.60,-23.30,30.35,0
2010-03-04 03:00,4.90,-23.40,26.24,0
2010-03-04 04:00,2.50,-24.00,41.67,0
2010-03-04 05:00,2.70,-22.50,24.18,0
2010-03-04 06:00,2.10,-22.50,156.91,0
2010-03-04 07:00,2.70,-22.10,30.35,0
2010-03-04 08:00,4.90,-22.20,163.59,0
2010-03-04 09:00,3.30,-22.50,124.50,0
2010-03-04 10:00,9.20,-22.60,145.59,0
2010-03-04 11:00,19.70,-19.60,135.81,0
2010-03-04 12:00,17.60,-19.30,124.50,0
2010-03-04 13:00,18.30,-19.40,129.13,0
2010-03-04 14:00,17.60,-18.80,133.76,0
2010-03-04 15:00,18.90,-18.00,130.67,0
2010-03-04 16:00,21.10,-17.70,139.41,0
2010-03-04 17:00,16.00,-17.40,130.15,0
2010-03-04 18:00,11.70,-16.30,137.87,0
2010-03-04 19:00,12.10,-16.10,138.39,0
2010-03-04 20:00,20.30,-17.50,142.50,0
2010-03-04 21:00,26.50,-18.70,134.78,0
2010-03-04 22:00,19.10,-18.00,116.78,0
2010-03-04 23:00,33.70,-17.50,141.47,0
2010-03-05 00:00,33.20,-17.20,142.50,0
2010-03-05 01:00,33.00,-16.10,141.47,0
2010-03-05 02:00,33.70,-16.00,141.99,0
2010-03-05 03:00,35.10,-15.80,143.02,0
2010-03-05 04:00,30.60,-15.50,140.96,0
2010-03-05 05:00,30.00,-15.50,139.41,0
2010-03-05 06:00,25.90,-15.70,127.58,0
2010-03-05 07:00,36.50,-15.50,133.76,0
2010-03-05 13:00,45.00,-14.00,140.44,0
2010-03-05 14:00,39.80,-12.80,141.47,0
2010-03-06 01:00,36.50,-11.90,138.90,0
2010-03-06 02:00,44.50,-11.70,139.93,0
2010-03-06 03:00,36.10,-11.70,139.93,0
2010-03-06 04:00,30.20,-10.70,137.36,0
2010-03-06 05:00,31.20,-10.60,137.87,0
2010-03-06 06:00,25.70,-10.70,134.27,0
2010-03-06 07:00,32.20,-9.80,139.41,0
2010-03-06 08:00,28.50,-10.20,134.27,0
2010-03-06 09:00,33.20,-10.10,138.39,0
2010-03-06 10:00,33.00,-10.20,136.84,0
2010-03-06 11:00,29.30,-10.10,136.33,0
2010-03-06 12:00,29.30,-9.70,134.78,0
2010-03-06 13:00,30.80,-9.20,131.18,0
2010-03-06 14:00,34.10,-9.30,133.76,0
2010-03-06 15:00,32.60,-8.90,137.36,0
2010-03-06 16:00,28.90,-8.60,137.36,0
2010-03-06 17:00,35.50,-8.70,137.87,0
2010-03-06 18:00,32.80,-8.80,140.44,0
2010-03-06 19:00,28.10,-9.00,143.53,0
2010-03-06 20:00,22.80,-9.10,140.96,0
2010-03-06 21:00,19.90,-9.40,142.50,0
2010-03-06 22:00,21.10,-10.40,143.02,0
2010-03-06 23:00,18.30,-10.10,147.13,0
2010-03-07 00:00,16.40,-11.20,151.25,0
2010-03-07 01:00,15.20,-11.40,151.76,0
2010-03-07 02:00,15.60,-12.50,156.91,0
2010-03-07 03:00,15.20,-13.50,161.02,0
2010-03-07 04:00,17.00,-11.30,150.73,0
2010-03-07 05:00,23.80,-13.30,148.16,0
2010-03-07 06:00,28.70,-13.30,147.13,0
2010-03-07 07:00,24.60,-13.80,146.10,0
2010-03-07 08:00,25.20,-13.30,142.50,0
2010-03-07 09:00,25.20,-11.80,141.99,0
2010-03-07 10:00,20.50,-10.70,141.47,0
2010-03-07 11:00,5.70,-9.90,145.07,0
2010-03-07 12:00,32.00,-9.10,145.59,0
2010-03-07 13:00,27.50,-8.30,146.62,0
2010-03-07 14:00,22.60,-7.70,146.62,0
2010-03-07 15:00,25.70,-6.50,148.67,0
2010-03-07 16:00,5.90,-6.40,173.88,0
2010-03-07 17:00,10.90,-5.00,143.02,0
2010-03-07 18:00,4.90,-4.30,123.47,0
2010-03-07 19:00,4.30,-4.20,117.29,0
2010-03-07 20:00,6.80,-3.60,100.83,0
2010-03-07 21:00,3.50,-5.60,180.57,0
2010-03-07 22:00,4.10,-5.00,25.21,0
2010-03-07 23:00,6.60,-5.30,18.01,0
2010-03-08 00:00,8.00,-6.00,173.88,0
2010-03-08 01:00,11.70,-9.40,170.80,0
2010-03-08 02:00,8.60,-8.00,6.69,0
2010-03-08 03:00,15.20,-8.30,7.72,0
2010-03-08 04:00,25.00,-7.70,15.95,0
2010-03-08 05:00,32.60,-7.30,13.89,0
2010-03-08 06:00,16.00,-7.50,27.27,0
2010-03-08 07:00,16.20,-7.00,23.15,0
2010-03-08 08:00,16.60,-6.80,22.12,0
2010-03-08 09:00,15.00,-7.30,30.35,0
2010-03-08 10:00,9.80,-6.30,26.24,0
2010-03-08 11:00,12.10,-5.90,0.00,0
2010-03-08 12:00,7.00,-4.10,172.85,0
2010-03-08 13:00,9.00,-1.60,178.00,0
2010-03-08 14:00,10.90,-1.00,1.54,0
2010-03-08 15:00,10.50,-1.50,17.49,0
2010-03-08 16:00,12.70,-1.30,6.69,0
2010-03-08 17:00,9.00,,172.34,0
2010-03-08 18:00,11.30,-0.10,162.56,0
2010-03-08 19:00,12.30,-0.20,159.99,0
2010-03-08 20:00,10.50,1.70,146.62,0
2010-03-08 21:00,6.60,-2.60,15.43,0
2010-03-08 22:00,4.50,-1.10,184.17,0
2010-03-08 23:00,2.90,-0.10,178.51,0
2010-03-09 00:00,2.10,-7.90,98.26,0
2010-03-09 01:00,5.10,-12.20,16.98,0
2010-03-09 02:00,2.50,-12.20,129.64,0
2010-03-09 03:00,3.10,-11.50,55.05,0
2010-03-09 04:00,9.20,-12.50,112.15,0
2010-03-09 05:00,3.50,-14.30,88.48,0
2010-03-09 06:00,8.60,-14.60,118.84,0
2010-03-09 07:00,9.00,-14.90,122.44,0
2010-03-09 08:00,,-15.70,,0
2010-03-09 09:00,,-15.00,,0
2010-03-09 10:00,,-14.80,,0
2010-03-09 11:00,9.60,-14.70,127.58,0
2010-03-09 12:00,10.90,-14.20,128.61,0
2010-03-09 13:00,15.80,-14.90,117.81,0
2010-03-09 14:00,11.30,-14.60,121.92,0
2010-03-09 15:00,8.40,-14.70,124.50,0
2010-03-09 16:00,9.80,-14.30,150.73,0
2010-03-09 17:00,17.90,-15.00,131.70,0
2010-03-09 18:00,17.00,-15.30,132.21,0
2010-03-09 19:00,19.90,-16.40,133.76,0
2010-03-09 20:00,29.60,-17.20,137.36,0
2010-03-09 21:00,32.00,-17.10,137.87,0
2010-03-09 22:00,28.30,-17.00,136.84,0
2010-03-09 23:00,29.40,-18.10,137.87,0
2010-03-10 00:00,28.50,-19.10,136.33,0
2010-03-10 01:00,33.00,-18.60,139.93,0
2010-03-10 02:00,26.70,-17.80,138.90,0
2010-03-10 03:00,16.40,-16.10,151.76,0
2010-03-10 04:00,13.70,-14.50,141.47,0
2010-03-10 05:00,14.20,-13.00,126.04,0
2010-03-10 06:00,10.30,-12.90,131.18,0
2010-03-10 07:00,8.40,-12.30,118.84,0
2010-03-10 08:00,12.30,-12.60,134.27,0
2010-03-10 09:00,3.50,-12.50,138.39,0
2010-03-10 10:00,7.20,-11.60,128.61,0
2010-03-10 11:00,2.90,-12.70,50.42,0
2010-03-10 12:00,3.50,-13.00,131.18,0
2010-03-10 13:00,3.90,-12.70,130.67,0
2010-03-10 14:00,3.70,-13.00,122.44,0
2010-03-10 15:00,6.20,-12.90,129.13,0
2010-03-10 16:00,3.10,-12.70,100.83,0
2010-03-10 17:00,5.50,-12.70,117.29,0
2010-03-10 18:00,4.30,-12.90,116.78,0
2010-03-10 19:00,1.60,-12.70,111.63,0
2010-03-10 20:00,4.10,-12.80,17.49,0
2010-03-10 21:00,4.50,-11.40,167.71,0
2010-03-10 22:00,2.00,-9.80,128.10,0
2010-03-10 23:00,3.30,-9.20,137.36,0
2010-03-11 00:00,8.80,-9.20,141.47,0
2010-03-11 01:00,2.70,-9.90,123.47,0
2010-03-11 02:00,17.20,-10.40,129.64,0
2010-03-11 03:00,18.50,-10.30,128.61,0
2010-03-11 04:00,20.70,-10.60,137.36,0
2010-03-11 05:00,25.40,-11.10,139.41,0
2010-03-11 06:00,18.90,-11.60,131.70,0
2010-03-11 07:00,18.50,-11.90,134.27,0
2010-03-11 08:00,19.70,-12.20,139.93,0
2010-03-11 09:00,17.00,-11.90,136.33,0
2010-03-11 10:00,10.50,-11.80,131.70,0
2010-03-11 11:00,9.00,-11.80,134.78,0
2010-03-11 12:00,13.10,-12.10,141.99,0
2010-03-11 13:00,15.40,-13.10,143.53,0
2010-03-11 14:00,9.90,-12.00,141.47,0
2010-03-11 15:00,4.70,-12.10,113.69,0
2010-03-11 16:00,2.10,-12.30,116.78,0
2010-03-11 17:00,8.00,-12.30,140.44,0
2010-03-11 18:00,4.70,-13.30,130.67,0
2010-03-11 19:00,5.50,-12.60,127.58,0
2010-03-11 20:00,2.70,-13.30,107.00,0
2010-03-11 21:00,4.10,-13.80,16.98,0
2010-03-11 22:00,2.50,-14.10,50.93,0
2010-03-11 23:00,5.70,-14.60,30.35,0
2010-03-12 00:00,2.70,-14.60,22.12,0
2010-03-12 01:00,3.70,-14.90,96.72,0
2010-03-12 02:00,1.60,-15.30,94.66,0
2010-03-12 03:00,2.70,-15.20,26.24,0
2010-03-12 04:00,,-15.50,,0
2010-03-12 05:00,7.40,-15.40,67.39,0
2010-03-12 06:00,9.20,-15.50,50.93,0
2010-03-12 07:00,3.30,-15.70,148.67,0
2010-03-12 08:00,9.20,-16.10,144.56,0
2010-03-12 09:00,11.30,-16.90,126.55,0
2010-03-12 10:00,11.30,-17.20,140.96,0
2010-03-12 11:00,14.20,-17.60,141.47,0
2010-03-12 12:00,18.30,-17.70,122.44,0
2010-03-12 13:00,28.70,-17.10,115.75,0
2010-03-12 14:00,25.50,-16.20,145.07,0
2010-03-12 15:00,26.50,-16.00,142.50,0
2010-03-12 16:00,24.00,-15.40,131.70,0
2010-03-12 17:00,20.70,-15.30,141.99,0
2010-03-12 18:00,16.00,-15.30,54.53,0
2010-03-12 19:00,15.40,-15.10,75.62,0
2010-03-12 20:00,14.80,-15.40,83.85,0
2010-03-12 21:00,18.30,-16.40,67.39,0
2010-03-12 22:00,10.30,-17.20,62.76,0
2010-03-12 23:00,,-17.30,,0
2010-03-13 00:00,,-17.80,,0
2010-03-13 01:00,19.10,-17.80,140.44,0
2010-03-13 02:00,21.60,-18.10,143.53,0
2010-03-13 03:00,13.30,-18.30,135.30,0
2010-03-13 04:00,16.00,-18.70,117.29,0
2010-03-13 05:00,17.00,-19.90,113.69,0
2010-03-13 06:00,18.10,-18.50,136.33,0
2010-03-13 07:00,15.60,-18.70,133.24,0
2010-03-13 08:00,15.60,-18.70,132.73,0
2010-03-13 09:00,17.90,-18.90,134.78,0
2010-03-13 10:00,24.00,-18.60,122.95,0
2010-03-13 11:00,19.30,-20.30,116.78,0
2010-03-13 12:00,24.40,-19.30,131.18,0
2010-03-13 13:00,29.80,-19.70,130.67,0
2010-03-13 14:00,32.20,-19.80,132.73,0
2010-03-13 15:00,42.30,-19.80,133.24,0
2010-03-13 16:00,40.00,-20.00,136.33,0
2010-03-13 17:00,40.00,-20.10,135.30,0
2010-03-13 18:00,37.60,-19.90,138.90,0
2010-03-13 19:00,29.10,-20.00,138.90,0
2010-03-13 20:00,28.50,-20.10,138.90,0
2010-03-13 21:00,26.50,-20.30,136.84,0
2010-03-13 22:00,28.90,-20.80,136.33,0
2010-03-13 23:00,28.50,-21.50,141.99,0
2010-03-14 00:00,32.80,-21.10,140.44,0
2010-03-14 01:00,33.50,-21.40,138.39,0
2010-03-14 02:00,33.20,-21.20,137.87,0
2010-03-14 03:00,34.50,-21.50,138.39,0
2010-03-14 04:00,35.90,-22.00,140.96,0
2010-03-14 05:00,34.70,-21.50,139.41,0
2010-03-14 06:00,27.90,-20.90,141.99,0
2010-03-14 07:00,32.00,-20.90,140.44,0
2010-03-14 08:00,35.10,-20.90,136.33,0
2010-03-14 09:00,36.90,-20.90,136.84,0
2010-03-14 10:00,37.40,-21.20,137.87,0
2010-03-14 11:00,33.00,-21.50,136.33,0
2010-03-14 12:00,36.10,-21.10,136.33,0
2010-03-14 13:00,36.10,-19.80,139.41,0
2010-03-14 14:00,32.00,-19.60,140.96,0
2010-03-14 15:00,27.10,-19.10,133.24,0
2010-03-14 16:00,27.10,-18.40,137.87,0
2010-03-14 17:00,26.10,-17.60,137.36,0
2010-03-14 18:00,22.60,-17.10,140.44,0
2010-03-14 19:00,19.30,-17.40,134.78,0
2010-03-14 20:00,20.10,-17.00,136.84,0
2010-03-14 21:00,22.60,-16.80,140.44,0
2010-03-14 22:00,6.60,-18.00,121.92,0
2010-03-14 23:00,14.00,-17.90,131.70,0
2010-03-15 00:00,12.30,-19.40,123.47,0
2010-03-15 01:00,10.10,-18.50,117.81,0
2010-03-15 02:00,13.50,-17.90,127.58,0
2010-03-15 03:00,3.50,-19.10,119.35,0
2010-03-15 04:00,7.80,-18.70,137.87,0
2010-03-15 05:00,8.00,-18.20,145.07,0
2010-03-15 06:00,8.40,-19.40,130.15,0
2010-03-15 07:00,7.20,-18.50,128.61,0
2010-03-15 08:00,9.00,-19.20,134.27,0
2010-03-15 09:00,5.10,-18.60,122.95,0
2010-03-15 10:00,6.80,-18.30,134.78,0
2010-03-15 11:00,8.80,-18.00,128.10,0
2010-03-15 12:00,7.60,-18.10,136.33,0
2010-03-15 13:00,5.50,-17.60,114.21,0
2010-03-15 14:00,1.20,-17.80,76.14,0
2010-03-15 15:00,2.10,-17.70,100.32,0
2010-03-15 16:00,3.10,-17.90,139.41,0
2010-03-15 17:00,7.60,-17.90,140.96,0
2010-03-15 18:00,4.10,-17.40,140.44,0
2010-03-15 19:00,5.30,-16.80,125.01,0
2010-03-15 20:00,9.00,-17.30,125.01,0
2010-03-15 21:00,16.20,-17.30,145.59,0
2010-03-15 22:00,14.20,-17.60,143.53,0
2010-03-15 23:00,15.80,-18.30,146.10,0
2010-03-16 00:00,18.70,-18.70,147.13,0
2010-03-16 01:00,23.00,-20.40,141.47,0
2010-03-16 02:00,25.50,-20.90,138.90,0
2010-03-16 03:00,28.50,-22.10,143.53,0
2010-03-16 04:00,33.90,-22.80,143.02,0
2010-03-16 05:00,32.40,-22.30,141.47,0
2010-03-16 06:00,32.80,-22.00,142.50,0
2010-03-16 07:00,32.60,-23.20,141.47,0
2010-03-16 08:00,31.40,-22.50,140.44,0
2010-03-16 09:00,34.70,-23.40,139.93,0
2010-03-16 10:00,31.80,-23.30,141.99,0
2010-03-16 11:00,27.10,-23.40,138.39,0
2010-03-16 12:00,29.80,-24.50,141.99,0
2010-03-16 13:00,30.40,-24.10,145.59,0
2010-03-16 14:00,30.40,-23.70,140.96,0
2010-03-16 15:00,30.60,-22.60,141.47,0
2010-03-16 16:00,31.60,-22.30,143.02,0
2010-03-16 17:00,28.30,-22.30,141.99,0
2010-03-16 18:00,28.30,-22.50,140.44,0
2010-03-16 19:00,28.50,-22.20,146.10,0
2010-03-16 20:00,22.00,-21.50,139.41,0
2010-03-16 21:00,24.60,-20.20,140.44,0
2010-03-16 22:00,20.50,-20.50,139.93,0
2010-03-16 23:00,22.60,-21.40,141.99,0
2010-03-17 00:00,22.80,-21.10,139.93,0
2010-03-17 01:00,20.30,-20.20,129.64,0
2010-03-17 02:00,15.60,-20.20,136.33,0
2010-03-17 03:00,19.90,-21.10,128.61,0
2010-03-17 04:00,19.70,-20.40,129.13,0
2010-03-17 05:00,17.60,-20.90,125.01,0
2010-03-17 06:00,13.70,-21.40,129.13,0
2010-03-17 07:00,14.20,-22.00,133.24,0
2010-03-17 08:00,16.40,-23.10,133.24,0
2010-03-17 09:00,16.60,-21.70,131.18,0
2010-03-17 10:00,11.70,-20.90,136.84,0
2010-03-17 11:00,18.50,-20.40,141.99,0
2010-03-17 12:00,17.00,-21.00,135.81,0
2010-03-17 13:00,20.90,-21.00,138.39,0
2010-03-17 14:00,24.00,-20.90,141.99,0
2010-03-17 15:00,27.50,-21.80,139.41,0
2010-03-17 16:00,30.80,-22.90,139.93,0
2010-03-17 17:00,31.80,-22.80,140.96,0
2010-03-17 18:00,31.00,-23.00,139.93,0
2010-03-17 19:00,32.60,-23.80,137.36,0
2010-03-17 20:00,27.10,-24.20,145.59,0
2010-03-17 21:00,32.40,-24.70,140.96,0
2010-03-17 22:00,35.10,-25.90,137.36,0
2010-03-17 23:00,34.30,-26.80,134.78,0
2010-03-18 00:00,30.00,-27.00,133.76,0
2010-03-18 01:00,27.50,-26.50,133.24,0
2010-03-18 02:00,23.60,-26.70,134.27,0
2010-03-18 03:00,22.20,-26.80,132.73,0
2010-03-18 04:00,21.60,-26.50,132.73,0
2010-03-18 05:00,23.00,-27.90,141.47,0
2010-03-18 06:00,23.40,-27.70,138.90,0
2010-03-18 07:00,21.80,-27.30,139.93,0
2010-03-18 08:00,27.70,-29.10,139.41,0
2010-03-18 09:00,27.30,-28.50,137.87,0
2010-03-18 10:00,27.10,-28.50,134.27,0
2010-03-18 11:00,32.60,-29.00,138.39,0
2010-03-18 12:00,29.40,-27.70,138.90,0
2010-03-18 13:00,26.90,-25.70,138.39,0
2010-03-18 14:00,23.40,-25.90,136.84,0
2010-03-18 15:00,25.50,-24.90,139.93,0
2010-03-18 16:00,28.10,-24.60,137.36,0
2010-03-18 17:00,26.50,-24.80,136.84,0
2010-03-18 18:00,26.90,-24.10,134.27,0
2010-03-18 19:00,28.50,-24.30,135.30,0
2010-03-18 20:00,27.90,-25.20,138.39,0
2010-03-18 21:00,30.00,-26.30,138.39,0
2010-03-18 22:00,26.70,-26.90,137.87,0
2010-03-18 23:00,32.40,-27.80,140.96,0
2010-03-19 00:00,28.50,-28.00,141.99,0
2010-03-19 01:00,28.30,-28.30,139.93,0
2010-03-19 02:00,23.80,-28.40,138.39,0
2010-03-19 03:00,22.60,-28.10,136.84,0
2010-03-19 04:00,18.30,-27.90,139.93,0
2010-03-19 05:00,19.90,-27.00,137.36,0
2010-03-19 06:00,13.70,-25.20,130.67,0
2010-03-19 07:00,13.70,-25.70,138.90,0
2010-03-19 08:00,9.60,-25.90,144.56,0
2010-03-19 09:00,7.80,-24.40,151.25,0
2010-03-19 10:00,10.10,-24.00,151.76,0
2010-03-19 11:00,6.20,-25.50,143.02,0
2010-03-19 12:00,8.20,-24.90,137.87,0
2010-03-19 13:00,6.60,-25.40,138.39,0
2010-03-19 14:00,10.50,-25.00,135.81,0
2010-03-19 15:00,12.10,-25.70,128.61,0
2010-03-19 16:00,9.60,-26.00,137.36,0
2010-03-19 17:00,7.20,-25.90,151.76,0
2010-03-19 18:00,9.80,-25.10,132.21,0
2010-03-19 19:00,5.90,-25.10,143.53,0
2010-03-19 20:00,3.30,-24.60,152.28,0
2010-03-19 21:00,4.50,-24.60,172.34,0
2010-03-19 22:00,6.60,-25.00,151.76,0
2010-03-19 23:00,7.20,-25.70,137.36,0
2010-03-20 00:00,7.20,-25.80,140.96,0
2010-03-20 01:00,4.90,-24.80,147.65,0
2010-03-20 02:00,0.80,-24.80,180.06,0
2010-03-20 03:00,10.70,-24.10,146.62,0
2010-03-20 04:00,2.00,-25.20,6.17,0
2010-03-20 05:00,8.40,-24.80,5.14,0
2010-03-20 06:00,9.60,-25.20,152.79,0
2010-03-20 07:00,6.80,-24.90,178.00,0
2010-03-20 08:00,11.10,-24.90,146.10,0
2010-03-20 09:00,11.70,-24.40,155.36,0
2010-03-20 10:00,1.40,-23.80,93.63,0
2010-03-20 11:00,8.20,-24.00,10.80,0
2010-03-20 12:00,8.60,-24.00,140.96,0
2010-03-20 13:00,7.40,-24.10,172.34,0
2010-03-20 14:00,10.90,-24.10,146.62,0
2010-03-20 15:00,6.80,-23.90,155.36,0
2010-03-20 16:00,9.90,-24.70,125.01,0
2010-03-20 17:00,2.30,-24.60,132.73,0
2010-03-20 18:00,1.20,-23.60,104.43,0
2010-03-20 19:00,3.10,-24.80,165.14,0
2010-03-20 20:00,2.00,-25.30,42.70,0
2010-03-20 21:00,4.50,-25.90,140.44,0
2010-03-20 22:00,6.20,-26.70,122.95,0
2010-03-20 23:00,12.30,-27.80,125.52,0
2010-03-21 00:00,17.90,-28.70,130.15,0
2010-03-21 01:00,11.70,-28.50,129.64,0
2010-03-21 02:00,9.40,-28.80,168.22,0
2010-03-21 03:00,11.10,-28.70,123.98,0
2010-03-21 04:00,4.70,-28.70,148.16,0
2010-03-21 05:00,5.70,-28.40,161.54,0
2010-03-21 06:00,4.90,-28.20,141.47,0
2010-03-21 07:00,8.00,-28.00,143.53,0
2010-03-21 08:00,4.90,-28.00,178.00,0
2010-03-21 09:00,6.60,-28.10,45.27,0
2010-03-21 10:00,4.70,-28.10,65.33,0
2010-03-21 11:00,5.30,-28.10,69.96,0
2010-03-21 12:00,4.30,-28.10,51.96,0
2010-03-21 13:00,5.90,-28.50,25.72,0
2010-03-21 14:00,5.10,-28.50,15.95,0
2010-03-21 15:00,3.30,-28.20,16.46,0
2010-03-21 16:00,3.90,-27.90,23.66,0
2010-03-21 17:00,1.60,-27.80,23.66,0
2010-03-21 18:00,,-28.40,,0
2010-03-21 19:00,,-28.40,,0
2010-03-21 20:00,,-28.60,,0
2010-03-21 21:00,,-29.10,,0
2010-03-21 22:00,,-30.00,,0
2010-03-21 23:00,,-30.40,,0
2010-03-22 00:00,,-30.80,,0
2010-03-22 01:00,,-31.60,,0
2010-03-22 02:00,,-30.70,,0
2010-03-22 03:00,,-30.60,,0
2010-03-22 04:00,,-31.00,,0
2010-03-22 05:00,,-31.10,,0
2010-03-22 06:00,,-30.90,,0
2010-03-22 07:00,,-31.20,,0
2010-03-22 08:00,,-31.40,,0
2010-03-22 09:00,,-31.70,,0
2010-03-22 10:00,,-31.20,,0
2010-03-22 11:00,,-31.10,,0
2010-03-22 12:00,,-30.20,,0
2010-03-22 13:00,,-32.10,,0
2010-03-22 14:00,,-30.80,,0
2010-03-22 15:00,,-29.90,,0
2010-03-22 16:00,,-29.60,,0
2010-03-22 17:00,,-29.70,,0
2010-03-22 18:00,,-29.70,,0
2010-03-22 19:00,,-29.70,,0
2010-03-22 20:00,,-29.40,,0
2010-03-22 21:00,,-29.60,,0
2010-03-22 22:00,,-30.40,,0
2010-03-22 23:00,,-30.50,,0
2010-03-23 00:00,,-30.40,,0
2010-03-23 01:00,,-30.80,,0
2010-03-23 02:00,,-30.90,,0
2010-03-23 03:00,,-30.80,,0
2010-03-23 04:00,,-31.50,,0
2010-03-23 05:00,,-30.80,,0
2010-03-23 06:00,,-30.80,,0
2010-03-23 07:00,,-31.40,,0
2010-03-23 08:00,,-31.30,,0
2010-03-23 09:00,,-30.20,,0
2010-03-23 10:00,,-30.20,,0
2010-03-23 11:00,,-30.30,,0
2010-03-23 12:00,,-30.00,,0
2010-03-23 13:00,,-30.10,,0
2010-03-23 14:00,,-30.20,,0
2010-03-23 15:00,,-29.50,,0
2010-03-23 16:00,,-29.60,,0
2010-03-23 17:00,,-30.10,,0
2010-03-23 18:00,,-29.80,,0
2010-03-23 19:00,,-30.10,,0
2010-03-23 20:00,,-29.70,,0
2010-03-23 21:00,,-29.40,,0
2010-03-23 22:00,19.50,-29.20,131.18,0
2010-03-23 23:00,20.90,-29.10,135.81,0
2010-03-24 00:00,,-29.20,,0
2010-03-24 01:00,,-29.30,,0
2010-03-24 02:00,23.80,-29.50,123.47,0
2010-03-24 03:00,28.70,-29.80,119.35,0
2010-03-24 04:00,32.00,-29.60,129.64,0
2010-03-24 05:00,31.20,-30.00,134.27,0
2010-03-24 06:00,32.60,-30.40,134.27,0
2010-03-24 07:00,36.90,-30.80,137.36,0
2010-03-24 18:00,35.30,-24.40,127.58,0
2010-03-25 23:00,26.30,-25.30,137.36,0
2010-03-26 00:00,25.20,-25.80,135.81,0
2010-03-26 01:00,28.50,-25.70,136.33,0
2010-03-26 02:00,28.10,-26.60,144.56,0
2010-03-26 03:00,22.40,-25.60,143.53,0
2010-03-26 04:00,28.30,-26.50,142.50,0
2010-03-26 05:00,31.00,-25.80,139.93,0
2010-03-26 06:00,31.00,-25.40,139.41,0
2010-03-26 07:00,28.90,-24.50,139.93,0
2010-03-26 08:00,34.50,-23.60,142.50,0
2010-03-26 09:00,35.10,-23.40,138.90,0
2010-03-26 10:00,30.40,-23.00,139.41,0
2010-03-26 11:00,35.10,-23.20,140.96,0
2010-03-26 12:00,39.40,-23.50,138.39,0
2010-03-26 13:00,38.20,-23.90,137.36,0
2010-03-26 14:00,38.80,-25.20,135.30,0
2010-03-26 15:00,40.00,-25.50,140.44,0
2010-03-26 16:00,36.10,-25.70,140.44,0
2010-03-26 17:00,37.40,-25.60,141.47,0
2010-03-26 18:00,38.80,-25.40,141.47,0
2010-03-26 19:00,38.00,-25.10,143.53,0
2010-03-26 20:00,39.20,-25.10,137.87,0
2010-03-26 21:00,43.50,-25.40,140.96,0
2010-03-26 22:00,37.60,-25.70,137.36,0
2010-03-26 23:00,41.10,-27.30,140.96,0
2010-03-27 00:00,39.80,-27.60,138.39,0
2010-03-27 01:00,41.90,-27.60,138.90,0
2010-03-27 05:00,38.20,-26.40,141.47,0
2010-03-27 11:00,38.60,-25.90,142.50,0
2010-03-27 12:00,35.10,-24.80,143.02,0
2010-03-27 13:00,32.80,-24.20,141.47,0
2010-03-27 14:00,30.00,-24.00,140.96,0
2010-03-27 15:00,28.30,-24.00,139.93,0
2010-03-27 16:00,26.90,-23.80,138.90,0
2010-03-27 17:00,22.80,-24.90,138.39,0
2010-03-27 18:00,26.50,-26.40,137.36,0
2010-03-27 19:00,26.70,-26.60,140.44,0
2010-03-27 20:00,25.20,-24.90,126.04,0
2010-03-27 21:00,20.90,-24.00,130.67,0
2010-03-27 22:00,9.90,-23.00,115.24,0
2010-03-27 23:00,9.40,-23.10,143.53,0
2010-03-28 00:00,10.10,-23.20,149.19,0
2010-03-28 01:00,6.20,-23.10,150.73,0
2010-03-28 02:00,4.30,-22.60,161.54,0
2010-03-28 03:00,6.80,-23.10,180.57,0
2010-03-28 04:00,10.50,-23.30,11.32,0
2010-03-28 05:00,9.60,-23.30,8.75,0
2010-03-28 06:00,7.20,-23.30,10.80,0
2010-03-28 07:00,6.20,-23.40,22.12,0
2010-03-28 08:00,9.80,-23.60,179.54,0
2010-03-28 09:00,7.40,-23.00,6.17,0
2010-03-28 10:00,2.50,-23.90,130.15,0
2010-03-28 11:00,1.60,-24.10,110.09,0
2010-03-28 12:00,3.30,-24.40,147.13,0
2010-03-28 13:00,3.70,-23.90,1.03,0
2010-03-28 14:00,4.50,-23.90,180.57,0
2010-03-28 15:00,3.70,-24.60,129.13,0
2010-03-28 16:00,3.30,-24.40,142.50,0
2010-03-28 17:00,3.30,-24.70,125.01,0
2010-03-28 18:00,1.20,-24.30,1.03,0
2010-03-28 19:00,3.30,-24.70,140.96,0
2010-03-28 20:00,4.30,-25.40,119.35,0
2010-03-28 21:00,4.10,-25.60,135.30,0
2010-03-28 22:00,2.50,-25.60,151.25,0
2010-03-28 23:00,3.90,-25.70,155.88,0
2010-03-29 00:00,1.60,-25.80,179.03,0
2010-03-29 01:00,1.40,-25.80,107.00,0
2010-03-29 02:00,2.50,-26.30,127.58,0
2010-03-29 03:00,1.20,-26.20,58.13,0
2010-03-29 04:00,3.50,-26.30,59.68,0
2010-03-29 05:00,7.20,-26.60,143.02,0
2010-03-29 06:00,5.70,-27.30,11.32,0
2010-03-29 07:00,1.80,-27.70,101.35,0
2010-03-29 08:00,2.50,-27.50,81.28,0
2010-03-29 09:00,2.10,-27.50,170.80,0
2010-03-29 10:00,1.60,-28.30,173.88,0
2010-03-29 11:00,4.30,-28.90,159.99,0
2010-03-29 12:00,3.90,-28.70,156.39,0
2010-03-29 13:00,9.20,-28.30,168.22,0
2010-03-29 14:00,15.00,-29.00,162.05,0
2010-03-29 15:00,10.90,-28.50,162.56,0
2010-03-29 16:00,,-28.30,,0
2010-03-29 17:00,,-27.30,,0
2010-03-29 18:00,,-27.40,,0
2010-03-29 19:00,,-27.40,,0
2010-03-29 20:00,6.60,-28.00,116.78,0
2010-03-29 21:00,,-29.00,,0
2010-03-29 22:00,,-29.40,,0
2010-03-29 23:00,,-29.70,,0
2010-03-30 00:00,8.00,-29.60,133.24,0
2010-03-30 01:00,,-29.10,,0
2010-03-30 02:00,4.30,-29.80,60.19,0
2010-03-30 03:00,,-30.30,,0
2010-03-30 04:00,9.80,-31.00,177.48,0
2010-03-30 05:00,,-30.60,,0
2010-03-30 06:00,8.20,-30.60,122.44,0
2010-03-30 07:00,,-30.50,,0
2010-03-30 08:00,5.70,-31.40,71.51,0
2010-03-30 09:00,,-31.90,,0
2010-03-30 10:00,,-32.00,,0
2010-03-30 11:00,,-32.30,,0
2010-03-30 12:00,,-31.70,,0
2010-03-30 13:00,,-31.70,,0
2010-03-30 14:00,,-31.40,,0
2010-03-30 15:00,,-31.20,,0
2010-03-30 16:00,,-30.60,,0
2010-03-30 17:00,,-30.50,,0
2010-03-30 18:00,,-30.20,,0
2010-03-30 19:00,,-30.60,,0
2010-03-30 20:00,,-30.60,,0
2010-03-30 21:00,,-31.30,,0
2010-03-30 22:00,,-32.10,,0
2010-03-30 23:00,,-32.10,,0
2010-03-31 00:00,,-31.60,,0
2010-03-31 01:00,,-31.70,,0
2010-03-31 02:00,,-32.00,,0
2010-03-31 03:00,,-34.00,,0
2010-03-31 04:00,19.30,-33.60,113.69,0
2010-03-31 05:00,22.00,-33.90,144.04,0
2010-03-31 06:00,24.20,-33.50,145.07,0
2010-03-31 07:00,28.10,-35.40,142.50,0
2010-03-31 08:00,30.20,-35.60,141.99,0
2010-03-31 09:00,26.50,-33.80,144.04,0
2010-03-31 10:00,31.20,-36.40,143.53,0
2010-03-31 11:00,30.40,-36.60,138.39,0
2010-03-31 12:00,33.20,-36.50,141.99,0
2010-03-31 13:00,28.30,-36.60,144.04,0
2010-03-31 14:00,29.80,-36.00,138.90,0
2010-03-31 15:00,26.70,-35.90,139.93,0
2010-03-31 16:00,28.30,-35.50,140.44,0
2010-03-31 17:00,29.40,-35.90,143.02,0
2010-03-31 18:00,21.30,-35.60,138.39,0
2010-03-31 19:00,25.20,-34.60,144.56,0
2010-03-31 20:00,29.10,-34.70,137.36,0
2010-03-31 21:00,32.00,-34.90,137.87,0
2010-03-31 22:00,34.30,-35.50,139.93,0
2010-03-31 23:00,36.10,-36.40,138.90,0
2010-04-01 00:00,28.10,-36.20,138.90,0
2010-04-01 01:00,30.60,-36.00,140.44,0
2010-04-01 02:00,28.30,-35.90,137.87,0
2010-04-01 03:00,32.20,-36.20,143.02,0
2010-04-01 04:00,28.90,-36.70,140.96,0
2010-04-01 05:00,26.50,-36.20,141.47,0
2010-04-01 06:00,25.20,-35.50,141.99,0
2010-04-01 07:00,20.30,-35.50,139.41,0
2010-04-01 08:00,22.00,-35.90,144.56,0
2010-04-01 09:00,23.80,-35.90,144.04,0
2010-04-01 10:00,22.00,-35.20,145.07,0
2010-04-01 11:00,13.80,-34.80,145.07,0
2010-04-01 12:00,13.50,-34.20,142.50,0
2010-04-01 13:00,12.10,-33.40,139.41,0
2010-04-01 14:00,11.10,-33.20,145.07,0
2010-04-01 15:00,7.80,-32.30,151.25,0
2010-04-01 16:00,12.30,-33.90,155.88,0
2010-04-01 17:00,9.80,-31.20,152.79,0
2010-04-01 18:00,10.10,-30.30,146.62,0
2010-04-01 19:00,10.50,-30.70,141.99,0
2010-04-01 20:00,16.80,-31.10,146.62,0
2010-04-01 21:00,12.90,-29.30,136.33,0
2010-04-01 22:00,14.20,-29.20,143.53,0
2010-04-01 23:00,21.60,-31.90,144.04,0
2010-04-02 00:00,25.20,-30.80,144.04,0
2010-04-02 01:00,26.10,-31.60,139.93,0
2010-04-02 02:00,30.20,-29.70,138.90,0
2010-04-02 03:00,33.50,-30.90,143.02,0
2010-04-02 04:00,27.90,-30.80,140.96,0
2010-04-02 05:00,33.90,-30.70,141.99,0
2010-04-02 06:00,39.20,-31.70,140.96,0
2010-04-02 07:00,37.60,-31.70,138.90,0
2010-04-02 08:00,39.80,-31.60,140.44,0
2010-04-02 09:00,29.40,-31.10,138.90,0
2010-04-02 10:00,36.50,-31.00,141.47,0
2010-04-02 11:00,38.40,-30.20,139.93,0
2010-04-02 12:00,36.70,-29.80,142.50,0
2010-04-02 13:00,34.50,-30.70,141.47,0
2010-04-02 14:00,38.80,-29.70,142.50,0
2010-04-02 17:00,40.20,-28.90,140.96,0
2010-04-02 18:00,42.30,-28.60,143.02,0
2010-04-02 19:00,44.90,-29.00,140.44,0
2010-04-02 21:00,45.20,-29.70,140.96,0
2010-04-02 23:00,33.00,-30.40,140.96,0
2010-04-03 04:00,32.00,-27.90,138.90,0
2010-04-03 05:00,32.00,-27.10,141.47,0
2010-04-03 06:00,33.00,-27.90,141.47,0
2010-04-03 07:00,36.30,-27.80,141.99,0
2010-04-03 08:00,28.30,-26.90,144.04,0
2010-04-03 09:00,29.30,-27.30,139.93,0
2010-04-03 10:00,30.80,-28.00,140.96,0
2010-04-03 11:00,29.40,-29.50,140.44,0
2010-04-03 12:00,29.40,-28.80,141.99,0
2010-04-03 13:00,31.60,-29.10,140.96,0
2010-04-03 14:00,27.90,-28.70,141.99,0
2010-04-03 15:00,22.80,-27.80,140.44,0
2010-04-03 16:00,18.90,-27.70,141.99,0
2010-04-03 17:00,18.70,-26.40,147.13,0
2010-04-03 18:00,17.40,-25.00,146.10,0
2010-04-03 19:00,14.20,-23.40,136.33,0
2010-04-03 20:00,10.90,-24.00,124.50,0
2010-04-03 21:00,8.40,-23.30,152.79,0
2010-04-03 22:00,8.20,-22.30,157.42,0
2010-04-03 23:00,11.10,-22.80,167.71,0
2010-04-04 00:00,4.50,-22.20,184.69,0
2010-04-04 01:00,8.00,-23.10,179.54,0
2010-04-04 02:00,5.90,-23.00,8.75,0
2010-04-04 03:00,8.20,-24.50,4.63,0
2010-04-04 04:00,10.70,-23.40,13.89,0
2010-04-04 05:00,10.10,-25.50,6.17,0
2010-04-04 06:00,14.00,-25.50,15.95,0
2010-04-04 07:00,12.90,-25.80,11.32,0
2010-04-04 08:00,11.10,-25.70,16.46,0
2010-04-04 09:00,12.10,-24.20,20.58,0
2010-04-04 10:00,14.00,-24.70,12.35,0
2010-04-04 11:00,7.00,-24.00,17.49,0
2010-04-04 12:00,20.30,-23.00,12.86,0
2010-04-04 13:00,14.20,-22.60,16.98,0
2010-04-04 14:00,21.50,-20.30,7.72,0
2010-04-04 15:00,15.80,-17.40,13.89,0
2010-04-04 16:00,11.50,-14.00,168.74,0
2010-04-04 17:00,12.70,-7.70,161.02,0
2010-04-04 18:00,7.00,-8.00,137.36,0
2010-04-04 19:00,13.10,-9.00,136.84,0
2010-04-04 20:00,21.30,-9.70,140.96,0
2010-04-04 21:00,30.80,-9.70,145.07,0
2010-04-04 22:00,31.20,-9.90,141.99,0
2010-04-04 23:00,27.90,-9.70,148.67,0
2010-04-05 00:00,20.90,-8.90,143.53,0
2010-04-05 01:00,25.40,-9.50,146.10,0
2010-04-05 02:00,22.20,-9.10,140.44,0
2010-04-05 03:00,19.10,-9.70,151.25,0
2010-04-05 04:00,18.10,-9.80,155.36,0
2010-04-05 05:00,18.30,-11.00,156.91,0
2010-04-05 06:00,7.80,-10.00,17.49,0
2010-04-05 07:00,10.30,-10.40,6.17,0
2010-04-05 08:00,9.00,-11.10,172.85,0
2010-04-05 09:00,12.50,-11.50,180.57,0
2010-04-05 10:00,14.80,-14.00,174.40,0
2010-04-05 11:00,13.30,-13.70,176.45,0
2010-04-05 12:00,13.50,-12.20,184.17,0
2010-04-05 13:00,16.20,-12.00,8.75,0
2010-04-05 14:00,14.20,-11.60,4.12,0
2010-04-05 15:00,17.90,-11.60,10.29,0
2010-04-05 16:00,14.60,-11.90,19.03,0
2010-04-05 17:00,15.20,-12.70,18.01,0
2010-04-05 18:00,13.30,-14.80,26.24,0
2010-04-05 19:00,17.60,-13.80,13.89,0
2010-04-05 20:00,11.10,-14.00,7.20,0
2010-04-05 21:00,13.70,-13.40,12.86,0
2010-04-05 22:00,15.00,-12.60,11.83,0
2010-04-05 23:00,14.60,-13.20,18.01,0
2010-04-06 00:00,12.90,-13.00,10.29,0
2010-04-06 01:00,12.30,-12.70,8.23,0
2010-04-06 02:00,14.20,-13.20,1.54,0
2010-04-06 03:00,12.90,-11.60,181.08,0
2010-04-06 04:00,13.70,-12.00,183.14,0
2010-04-06 05:00,9.90,-12.50,24.69,0
2010-04-06 06:00,13.30,-11.90,9.77,0
2010-04-06 07:00,9.60,-11.00,2.57,0
2010-04-06 08:00,6.60,-12.40,9.77,0
2010-04-06 09:00,4.50,-12.90,6.17,0
2010-04-06 10:00,10.30,-13.10,175.94,0
2010-04-06 11:00,4.50,-11.20,175.94,0
2010-04-06 12:00,3.70,-11.50,145.07,0
2010-04-06 13:00,5.10,-11.40,140.96,0
2010-04-06 14:00,4.30,-10.80,139.93,0
2010-04-06 15:00,8.20,-10.00,153.82,0
2010-04-06 16:00,4.10,-10.90,131.70,0
2010-04-06 17:00,1.40,-10.20,104.95,0
2010-04-06 18:00,2.50,-11.40,130.15,0
2010-04-06 19:00,3.90,-9.90,130.67,0
2010-04-06 20:00,1.40,-10.50,133.24,0
2010-04-06 21:00,3.70,-10.10,156.91,0
2010-04-06 22:00,2.00,-12.60,148.67,0
2010-04-06 23:00,2.10,-13.80,98.26,0
2010-04-07 00:00,2.70,-15.60,135.30,0
2010-04-07 01:00,3.30,-15.70,140.44,0
2010-04-07 02:00,8.60,-17.80,125.01,0
2010-04-07 03:00,3.50,-18.40,129.13,0
2010-04-07 04:00,2.90,-18.10,117.81,0
2010-04-07 05:00,2.70,-18.30,105.98,0
2010-04-07 06:00,1.60,-19.80,115.24,0
2010-04-07 07:00,3.90,-19.40,157.93,0
2010-04-07 08:00,2.90,-20.00,103.92,0
2010-04-07 09:00,2.30,-20.60,55.05,0
2010-04-07 10:00,2.00,-21.00,40.64,0
2010-04-07 11:00,2.10,-21.00,175.43,0
2010-04-07 12:00,4.90,-21.80,7.72,0
2010-04-07 13:00,2.50,-21.40,53.50,0
2010-04-07 14:00,3.50,-21.70,26.75,0
2010-04-07 15:00,,-22.60,,0
2010-04-07 16:00,,-22.10,,0
2010-04-07 17:00,,-22.10,,0
2010-04-07 18:00,,-22.50,,0
2010-04-07 19:00,,-22.70,,0
2010-04-07 20:00,,-23.20,,0
2010-04-07 21:00,,-23.00,,0
2010-04-07 22:00,,-23.40,,0
2010-04-07 23:00,,-23.80,,0
2010-04-08 00:00,,-24.00,,0
2010-04-08 01:00,,-24.10,,0
2010-04-08 02:00,,-24.20,,0
2010-04-08 03:00,,-24.60,,0
2010-04-08 04:00,,-24.00,,0
2010-04-08 05:00,,-23.80,,0
2010-04-08 06:00,,-25.40,,0
2010-04-08 07:00,,-25.10,,0
2010-04-08 08:00,,-25.50,,0
2010-04-08 09:00,,-25.70,,0
2010-04-08 10:00,,-25.00,,0
2010-04-08 11:00,,-24.70,,0
2010-04-08 12:00,,-25.50,,0
2010-04-08 13:00,,-26.50,,0
2010-04-08 14:00,,-25.60,,0
2010-04-08 15:00,,-25.10,,0
2010-04-08 16:00,,-24.40,,0
2010-04-08 17:00,,-24.50,,0
2010-04-08 18:00,,-23.70,,0
2010-04-08 19:00,,-23.10,,0
2010-04-08 20:00,,-24.20,,0
2010-04-08 21:00,,-23.30,,0
2010-04-08 22:00,,-22.90,,0
2010-04-08 23:00,,-22.30,,0
2010-04-09 00:00,,-22.00,,0
2010-04-09 01:00,,-20.80,,0
2010-04-09 02:00,,-21.10,,0
2010-04-09 03:00,,-21.00,,0
2010-04-09 04:00,,-20.80,,0
2010-04-09 05:00,,-21.00,,0
2010-04-09 06:00,,-21.00,,0
2010-04-09 07:00,,-20.60,,0
2010-04-09 08:00,,-20.30,,0
2010-04-09 09:00,,-20.10,,0
2010-04-09 10:00,,-19.70,,0
2010-04-09 11:00,,-20.10,,0
2010-04-09 12:00,11.90,-20.10,131.70,0
2010-04-09 13:00,10.70,-20.40,175.43,0
2010-04-09 14:00,17.20,-20.00,136.33,0
2010-04-09 15:00,19.90,-19.80,134.78,0
2010-04-09 16:00,20.50,-19.30,136.84,0
2010-04-09 17:00,19.10,-19.00,140.44,0
2010-04-09 18:00,18.90,-18.60,134.78,0
2010-04-09 19:00,16.00,-18.30,126.55,0
2010-04-09 20:00,19.70,-17.60,133.24,0
2010-04-09 21:00,12.30,-17.40,141.47,0
2010-04-09 22:00,19.50,-17.10,149.70,0
2010-04-09 23:00,20.70,-17.20,139.93,0
2010-04-10 00:00,17.90,-18.20,138.39,0
2010-04-10 01:00,9.90,-17.80,123.98,0
2010-04-10 02:00,10.90,-18.10,126.55,0
2010-04-10 03:00,20.10,-17.50,143.02,0
2010-04-10 04:00,22.40,-18.20,145.59,0
2010-04-10 05:00,16.60,-18.20,139.93,0
2010-04-10 06:00,19.10,-18.20,139.41,0
2010-04-10 07:00,18.30,-18.60,138.90,0
2010-04-10 08:00,10.30,-17.40,135.81,0
2010-04-10 09:00,2.30,-17.90,21.61,0
2010-04-10 10:00,6.60,-18.50,14.92,0
2010-04-10 11:00,3.50,-20.40,8.23,0
2010-04-10 12:00,8.20,-19.80,10.80,0
2010-04-10 13:00,12.50,-21.00,16.46,0
2010-04-10 14:00,16.60,-21.80,17.49,0
2010-04-10 15:00,17.40,-22.70,16.98,0
2010-04-10 16:00,19.30,-24.20,7.20,0
2010-04-10 17:00,8.60,-24.10,10.80,0
2010-04-10 18:00,11.50,-24.60,4.12,0
2010-04-10 19:00,10.10,-24.40,3.09,0
2010-04-10 20:00,11.70,-22.20,12.86,0
2010-04-10 21:00,12.90,-20.50,6.69,0
2010-04-10 22:00,5.10,-16.90,180.06,0
2010-04-10 23:00,5.10,-12.80,28.29,0
2010-04-11 00:00,7.00,-10.30,13.38,0
2010-04-11 01:00,13.80,-10.10,17.49,0
2010-04-11 02:00,12.30,-8.90,146.10,0
2010-04-11 03:00,22.60,-7.20,165.65,0
2010-04-11 04:00,21.80,-8.80,139.93,0
2010-04-11 05:00,2.10,-10.40,100.83,0
2010-04-11 06:00,17.20,-11.00,158.96,0
2010-04-11 07:00,17.70,-12.30,156.39,0
2010-04-11 08:00,20.50,-11.90,154.33,0
2010-04-11 09:00,19.10,-10.90,154.85,0
2010-04-11 10:00,24.20,-10.20,152.28,0
2010-04-11 11:00,16.80,-10.30,150.73,0
2010-04-11 12:00,14.60,-10.40,143.02,0
2010-04-11 13:00,6.20,-9.30,148.67,0
2010-04-11 14:00,2.50,-10.80,0.51,0
2010-04-11 15:00,5.10,-10.30,80.77,0
2010-04-11 16:00,8.40,-11.70,22.12,0
2010-04-11 17:00,10.70,-11.60,6.17,0
2010-04-11 18:00,9.40,-13.70,8.75,0
2010-04-11 19:00,9.60,-14.70,0.51,0
2010-04-11 20:00,9.40,-17.70,11.32,0
2010-04-11 21:00,7.60,-24.00,5.66,0
2010-04-11 22:00,5.50,-26.10,15.43,0
2010-04-11 23:00,8.00,-26.70,4.12,0
2010-04-12 00:00,2.90,-28.70,162.56,0
2010-04-12 01:00,3.50,-30.20,117.29,0
2010-04-12 02:00,6.60,-29.70,112.15,0
2010-04-12 03:00,2.00,-28.70,4.63,0
2010-04-12 04:00,10.70,-28.60,106.49,0
2010-04-12 05:00,5.90,-30.70,111.63,0
2010-04-12 06:00,8.20,-31.20,119.87,0
2010-04-12 07:00,6.40,-30.20,112.66,0
2010-04-12 08:00,10.50,-29.60,125.01,0
2010-04-12 09:00,3.90,-29.50,114.72,0
2010-04-12 10:00,7.60,-29.90,119.87,0
2010-04-12 11:00,8.60,-29.50,117.81,0
2010-04-12 12:00,3.70,-27.70,122.95,0
2010-04-12 13:00,2.50,-27.70,120.38,0
2010-04-12 14:00,5.10,-25.90,25.21,0
2010-04-12 15:00,5.10,-22.00,7.20,0
2010-04-12 16:00,5.10,-21.20,4.63,0
2010-04-12 17:00,7.20,-18.90,143.02,0
2010-04-12 18:00,10.90,-18.40,139.93,0
2010-04-12 19:00,20.10,-15.70,138.90,0
2010-04-12 20:00,18.70,-16.30,141.99,0
2010-04-12 21:00,12.90,-15.80,141.47,0
2010-04-12 22:00,15.60,-14.50,156.91,0
2010-04-12 23:00,11.10,-15.70,156.91,0
2010-04-13 00:00,5.30,-12.90,169.77,0
2010-04-13 01:00,7.80,-14.60,9.77,0
2010-04-13 02:00,9.20,-15.50,5.66,0
2010-04-13 03:00,9.40,-14.80,2.57,0
2010-04-13 04:00,6.20,-15.40,1.54,0
2010-04-13 05:00,12.70,-15.20,0.51,0
2010-04-13 06:00,12.10,-15.30,6.69,0
2010-04-13 07:00,9.90,-14.60,7.20,0
2010-04-13 08:00,9.40,-14.30,181.08,0
2010-04-13 09:00,8.40,-13.60,9.77,0
2010-04-13 10:00,2.10,-12.80,23.66,0
2010-04-13 11:00,10.10,-12.10,152.79,0
2010-04-13 12:00,9.40,-12.60,154.85,0
2010-04-13 13:00,4.70,-15.00,143.02,0
2010-04-13 14:00,12.70,-15.80,140.44,0
2010-04-13 15:00,5.90,-16.30,121.92,0
2010-04-13 16:00,6.20,-15.80,144.56,0
2010-04-13 17:00,4.50,-14.80,145.59,0
2010-04-13 18:00,1.40,-14.10,148.16,0
2010-04-13 19:00,7.80,-15.80,11.83,0
2010-04-13 20:00,7.80,-16.50,184.69,0
2010-04-13 21:00,7.00,-15.20,13.89,0
2010-04-13 22:00,7.20,-21.20,14.40,0
2010-04-13 23:00,2.50,-23.50,6.69,0
2010-04-14 00:00,4.90,-21.00,19.03,0
2010-04-14 01:00,2.70,-24.10,0.51,0
2010-04-14 02:00,,-25.70,,0
2010-04-14 03:00,,-25.60,,0
2010-04-14 04:00,,-30.70,,0
2010-04-14 05:00,,-30.40,,0
2010-04-14 06:00,,-30.10,,0
2010-04-14 07:00,,-30.10,,0
2010-04-14 08:00,10.30,-30.50,106.49,0
2010-04-14 09:00,,-31.40,,0
2010-04-14 10:00,,-31.40,,0
2010-04-14 11:00,,-32.60,,0
2010-04-14 12:00,,-32.30,,0
2010-04-14 13:00,,-33.10,,0
2010-04-14 14:00,,-33.20,,0
2010-04-14 15:00,,-32.50,,0
2010-04-14 16:00,,-32.70,,0
2010-04-14 17:00,,-32.60,,0
2010-04-14 18:00,,-32.70,,0
2010-04-14 19:00,,-31.80,,0
2010-04-14 20:00,,-31.50,,0
2010-04-14 21:00,,-31.70,,0
2010-04-14 22:00,8.40,-31.50,165.14,0
2010-04-14 23:00,,-32.00,,0
2010-04-15 00:00,,-31.80,,0
2010-04-15 01:00,,-31.80,,0
2010-04-15 02:00,,-31.90,,0
2010-04-15 03:00,,-32.10,,0
2010-04-15 04:00,,-31.30,,0
2010-04-15 05:00,,-32.10,,0
2010-04-15 06:00,,-32.20,,0
2010-04-15 07:00,10.10,-31.70,168.22,0
2010-04-15 08:00,,-32.00,,0
2010-04-15 09:00,,-32.10,,0
2010-04-15 10:00,,-31.30,,0
2010-04-15 11:00,,-29.20,,0
2010-04-15 12:00,9.80,-28.00,166.17,0
2010-04-15 13:00,,-27.10,,0
2010-04-15 14:00,,-27.70,,0
2010-04-15 15:00,,-28.30,,0
2010-04-15 16:00,,-27.10,,0
2010-04-15 17:00,,-26.60,,0
2010-04-15 18:00,,-26.50,,0
2010-04-15 19:00,,-27.40,,0
2010-04-15 20:00,,-28.70,,0
2010-04-15 21:00,,-28.50,,0
2010-04-15 22:00,,-27.20,,0
2010-04-15 23:00,,-27.50,,0
2010-04-16 00:00,,-28.30,,0
2010-04-16 01:00,,-27.60,,0
2010-04-16 02:00,,-27.70,,0
2010-04-16 03:00,,-28.20,,0
2010-04-16 04:00,,-27.90,,0
2010-04-16 05:00,,-27.50,,0
2010-04-16 06:00,,-25.30,,0
2010-04-16 07:00,,-22.80,,0
2010-04-16 08:00,,-20.90,,0
2010-04-16 09:00,,-20.20,,0
2010-04-16 10:00,,-19.60,,0
2010-04-16 11:00,,-19.00,,0
2010-04-16 12:00,,-19.70,,0
2010-04-16 13:00,,-18.60,,0
2010-04-16 14:00,,-19.10,,0
2010-04-16 15:00,,-18.70,,0
2010-04-16 16:00,19.30,-18.80,137.87,0
2010-04-16 17:00,15.60,-18.80,134.27,0
2010-04-16 18:00,23.20,-20.10,137.36,0
2010-04-16 19:00,23.80,-19.40,140.44,0
2010-04-16 20:00,20.90,-17.60,138.90,0
2010-04-16 21:00,22.80,-18.00,140.96,0
2010-04-16 22:00,21.10,-17.50,138.90,0
2010-04-16 23:00,19.30,-17.40,137.87,0
2010-04-17 00:00,22.20,-19.00,138.90,0
2010-04-17 01:00,18.70,-19.40,128.10,0
2010-04-17 02:00,15.40,-19.10,135.30,0
2010-04-17 03:00,12.90,-19.90,134.27,0
2010-04-17 04:00,7.80,-19.50,144.56,0
2010-04-17 05:00,8.00,-19.30,144.56,0
2010-04-17 06:00,5.70,-20.10,151.25,0
2010-04-17 07:00,2.50,-20.70,140.44,0
2010-04-17 08:00,3.90,-21.50,16.98,0
2010-04-17 09:00,2.90,-22.40,181.08,0
2010-04-17 10:00,5.30,-22.90,0.00,0
2010-04-17 11:00,4.10,-24.10,175.94,0
2010-04-17 12:00,3.10,-25.10,183.14,0
2010-04-17 13:00,2.10,-25.90,84.37,0
2010-04-17 14:00,3.10,-26.20,152.28,0
2010-04-17 15:00,1.00,-25.30,93.11,0
2010-04-17 16:00,2.30,-25.40,154.85,0
2010-04-17 17:00,2.90,-25.80,96.20,0
2010-04-17 18:00,1.80,-28.60,116.26,0
2010-04-17 19:00,5.10,-28.00,113.18,0
2010-04-17 20:00,5.50,-28.90,120.38,0
2010-04-17 21:00,2.30,-29.10,151.25,0
2010-04-17 22:00,3.70,-29.00,148.67,0
2010-04-17 23:00,4.50,-30.10,137.87,0
2010-04-18 00:00,6.80,-30.50,148.16,0
2010-04-18 01:00,4.90,-29.70,132.21,0
2010-04-18 02:00,4.30,-29.20,151.76,0
2010-04-18 03:00,12.30,-28.40,166.68,0
2010-04-18 04:00,13.80,-28.30,170.28,0
2010-04-18 05:00,13.30,-28.30,83.85,0
2010-04-18 06:00,,-28.50,,0
2010-04-18 07:00,13.70,-28.30,87.97,0
2010-04-18 08:00,,-27.90,,0
2010-04-18 09:00,,-27.90,,0
2010-04-18 10:00,,-28.30,,0
2010-04-18 11:00,,-27.90,,0
2010-04-18 12:00,,-27.60,,0
2010-04-18 13:00,,-27.40,,0
2010-04-18 14:00,,-27.30,,0
2010-04-18 15:00,,-27.30,,0
2010-04-18 16:00,,-27.90,,0
2010-04-18 17:00,,-27.30,,0
2010-04-18 18:00,,-26.50,,0
2010-04-18 19:00,,-26.20,,0
2010-04-18 20:00,,-26.10,,0
2010-04-18 21:00,,-25.80,,0
2010-04-18 22:00,,-26.20,,0
2010-04-18 23:00,,-24.70,,0
2010-04-19 00:00,,-25.20,,0
2010-04-19 01:00,,-24.60,,0
2010-04-19 02:00,,-24.90,,0
2010-04-19 03:00,,-24.30,,0
2010-04-19 04:00,,-24.30,,0
2010-04-19 05:00,,-24.90,,0
2010-04-19 06:00,,-25.50,,0
2010-04-19 07:00,,-26.10,,0
2010-04-19 08:00,,-26.90,,0
2010-04-19 09:00,,-28.00,,0
2010-04-19 10:00,,-27.70,,0
2010-04-19 11:00,,-26.80,,0
2010-04-19 12:00,,-25.80,,0
2010-04-19 13:00,,-24.40,,0
2010-04-19 14:00,,-24.40,,0
2010-04-19 15:00,,-23.30,,0
2010-04-19 16:00,,-22.60,,0
2010-04-19 17:00,,-22.50,,0
2010-04-19 18:00,41.90,-22.10,163.08,0
2010-04-19 19:00,23.80,-22.00,147.65,0
2010-04-19 20:00,25.40,-21.90,156.91,0
2010-04-19 21:00,22.60,-22.90,136.33,0
2010-04-19 22:00,25.40,-25.40,136.33,0
2010-04-19 23:00,29.10,-26.90,138.39,0
2010-04-20 00:00,28.10,-27.60,137.87,0
2010-04-20 01:00,33.90,-28.50,138.39,0
2010-04-20 08:00,39.80,-24.40,139.93,0
2010-04-20 11:00,38.40,-22.80,143.02,0
2010-04-20 12:00,36.50,-22.60,143.02,0
2010-04-20 13:00,40.20,-20.70,144.04,0
2010-04-20 14:00,42.50,-18.90,142.50,0
2010-04-20 15:00,35.70,-18.50,146.10,0
2010-04-20 16:00,37.60,-17.20,138.90,0
2010-04-20 17:00,38.80,-16.30,139.93,0
2010-04-20 19:00,40.60,-15.20,140.44,0
2010-04-21 18:00,29.10,-26.60,138.39,0
2010-04-21 19:00,35.10,-26.60,135.81,0
2010-04-22 05:00,45.20,-26.00,139.93,0
2010-04-22 06:00,35.30,-26.20,137.36,0
2010-04-22 07:00,37.10,-27.00,136.33,0
2010-04-22 08:00,36.10,-28.10,137.87,0
2010-04-22 09:00,36.90,-28.30,137.36,0
2010-04-22 11:00,37.20,-29.60,138.39,0
2010-04-22 12:00,36.10,-29.30,137.87,0
2010-04-22 13:00,30.80,-29.30,135.81,0
2010-04-22 14:00,34.70,-31.20,143.02,0
2010-04-22 15:00,35.30,-30.30,142.50,0
2010-04-22 16:00,33.70,-30.20,141.47,0
2010-04-22 17:00,40.40,-31.20,140.96,0
2010-04-22 18:00,31.00,-30.80,145.59,0
2010-04-22 19:00,32.60,-30.80,142.50,0
2010-04-22 20:00,34.70,-29.90,146.62,0
2010-04-22 21:00,37.40,-32.10,143.53,0
2010-04-22 22:00,37.60,-31.60,142.50,0
2010-04-23 16:00,25.50,-32.20,141.47,0
2010-04-23 17:00,27.70,-31.60,141.47,0
2010-04-23 18:00,29.10,-31.70,138.90,0
2010-04-23 19:00,26.50,-30.80,140.44,0
2010-04-23 20:00,26.70,-29.80,140.96,0
2010-04-23 21:00,21.60,-28.50,130.67,0
2010-04-23 22:00,21.10,-27.30,138.90,0
2010-04-23 23:00,26.50,-25.70,134.27,0
2010-04-24 00:00,23.60,-24.20,133.76,0
2010-04-24 01:00,21.30,-23.40,127.07,0
2010-04-24 02:00,25.00,-22.20,125.52,0
2010-04-24 03:00,21.30,-22.00,115.24,0
2010-04-24 04:00,19.10,-21.30,111.12,0
2010-04-24 05:00,18.50,-21.10,113.18,0
2010-04-24 06:00,23.20,-21.30,123.98,0
2010-04-24 07:00,18.10,-21.00,133.76,0
2010-04-24 08:00,,-20.70,,0
2010-04-24 09:00,,-20.40,,0
2010-04-24 10:00,,-19.30,,0
2010-04-24 11:00,,-18.50,,0
2010-04-24 12:00,,-18.00,,0
2010-04-24 13:00,,-18.20,,0
2010-04-24 14:00,,-18.80,,0
2010-04-24 15:00,,-20.30,,0
2010-04-24 16:00,,-21.20,,0
2010-04-24 17:00,,-21.80,,0
2010-04-24 18:00,,-21.10,,0
2010-04-24 19:00,,-20.30,,0
2010-04-24 20:00,,-21.10,,0
2010-04-24 21:00,,-22.00,,0
2010-04-24 22:00,,-22.40,,0
2010-04-24 23:00,,-20.70,,0
2010-04-25 00:00,,-21.50,,0
2010-04-25 01:00,,-22.00,,0
2010-04-25 02:00,,-22.00,,0
2010-04-25 03:00,,-22.00,,0
2010-04-25 04:00,,-22.20,,0
2010-04-25 05:00,,-22.70,,0
2010-04-25 06:00,38.00,-22.50,137.36,0
2010-04-25 07:00,24.40,-23.20,143.53,0
2010-04-25 08:00,29.80,-23.70,139.41,0
2010-04-25 09:00,28.90,-24.70,140.44,0
2010-04-25 10:00,29.10,-26.50,141.99,0
2010-04-25 11:00,26.70,-25.10,143.02,0
2010-04-25 12:00,30.40,-24.90,143.02,0
2010-04-25 13:00,,-26.20,,0
2010-04-25 14:00,,-26.20,,0
2010-04-25 15:00,35.50,-26.40,139.41,0
2010-04-25 16:00,,-27.80,,0
